motivo;registro_rechazado;lote
No cumple con los campos minimos requeridos;"";881
Codigo de prestacion se encuentra fuera de los existentes;"A;L;4425/13;ITQ010A;;3065;2013-03-25;1801000010074090;DNI;P;53095410;;;;;;;;;1;F06283";881
Codigo de prestacion se encuentra fuera de los existentes;"A;L;4425/13;ITQ010B;;4000;2013-03-25;1801000010074090;DNI;P;53095410;;;;;;;;;1;F06283";881
Codigo de prestacion se encuentra fuera de los existentes;"A;L;4425/13;ITQ010C;;1940;2013-03-25;1801000010074090;DNI;P;53095410;;;;;;;;;1;F06283";881
Codigo de prestacion se encuentra fuera de los existentes;"A;L;4425/13;ITQ010U;;3370;2013-03-25;1801000010074090;DNI;P;53095410;;;;;;;;;1;F06283";881
Codigo de prestacion se encuentra fuera de los existentes;"A;L;4400/13;ITE013O98;;2120;2013-02-05;1801000010074745;DNI;P;53094172;;;;;;;;;1;F06283";881
Codigo de prestacion se encuentra fuera de los existentes;"A;L;4400/13;ITE014O98;;1940;2013-02-05;1801000010074745;DNI;P;53094172;;;;;;;;;1;F06283";881
Codigo de prestacion se encuentra fuera de los existentes;"A;L;4400/13;ITE013O98;;2120;2013-03-21;1899900999212020;DNI;P;53095241;;;;;;;;;1;F06283";881
Codigo de prestacion se encuentra fuera de los existentes;"A;L;4400/13;ITE014O98;;1940;2013-03-21;1899900999212020;DNI;P;53095241;;;;;;;;;1;F06283";881
Codigo de prestacion se encuentra fuera de los existentes;"A;L;4393/13;ITE002P07;.0;100;2013-04-18;1800408002038165;DNI;P;25654539;;;;;;;;;1;F06268";881
Codigo de prestacion se encuentra fuera de los existentes;"A;L;4393/13;ITE002P07;.0;100;2013-04-11;1899900999161833;DNI;P;39903076;;;;;;;;;1;F06268";881
Codigo de prestacion se encuentra fuera de los existentes;"A;L;4392/13;ITE002P07;.0;100;2013-05-14;1801000010005961;DNI;P;45532791;;;;;;;;;1;F06365";881
Codigo de prestacion se encuentra fuera de los existentes;"A;L;4388/13;PRP004O24;.4;25;2013-05-13;1801000010037873;DNI;P;27245556;;;;;;;;;1;F06390";881
Codigo de prestacion se encuentra fuera de los existentes;"A;L;4386/13;ITE013O98;;2120;2013-01-09;1899900999211079;DNI;P;52500605;;;;;;;;;1;F06283";881
Codigo de prestacion se encuentra fuera de los existentes;"A;L;4386/13;ITE014O98;;1940;2013-01-29;1899900999210736;DNI;P;52501807;;;;;;;;;1;F06283";881
Codigo de prestacion se encuentra fuera de los existentes;"A;L;4386/13;ITE014O98;;1940;2012-11-23;1899900999204119;DNI;P;52498469;;;;;;;;;1;F06283";881
Codigo de prestacion se encuentra fuera de los existentes;"A;L;4386/13;ITE013O98;;2120;2013-02-03;1899900999211301;DNI;P;52501852;;;;;;;;;1;F06283";881
Codigo de prestacion se encuentra fuera de los existentes;"A;L;4386/13;ITE013O98;;2120;2013-01-29;1899900999210736;DNI;P;52501807;;;;;;;;;1;F06283";881
Codigo de prestacion se encuentra fuera de los existentes;"A;L;4386/13;ITE013O98;;2120;2013-01-26;1899900999211121;DNI;P;52500772;;;;;;;;;1;F06283";881
Codigo de prestacion se encuentra fuera de los existentes;"A;L;4386/13;ITE014O98;;1940;2013-01-09;1899900999211079;DNI;P;52500605;;;;;;;;;1;F06283";881
Codigo de prestacion se encuentra fuera de los existentes;"A;L;4386/13;ITE014O98;;1940;2013-02-03;1899900999211301;DNI;P;52501852;;;;;;;;;1;F06283";881
Codigo de prestacion se encuentra fuera de los existentes;"A;L;4386/13;ITE014O98;;1940;2013-01-26;1899900999211121;DNI;P;52500772;;;;;;;;;1;F06283";881
Codigo de prestacion se encuentra fuera de los existentes;"A;L;4386/13;ITE014O98;;1940;2012-12-07;1899900999206871;DNI;P;52498617;;;;;;;;;1;F06283";881
Codigo de prestacion se encuentra fuera de los existentes;"A;L;4386/13;ITE013O98;;2120;2012-12-07;1899900999206871;DNI;P;52498617;;;;;;;;;1;F06283";881
Codigo de prestacion se encuentra fuera de los existentes;"A;L;4386/13;ITE013O98;;2120;2012-11-23;1899900999204119;DNI;P;52498469;;;;;;;;;1;F06283";881
Codigo de prestacion se encuentra fuera de los existentes;"A;L;4337/13;IGR031O24;.4;25;2013-04-25;1899900999211734;DNI;P;34440554;;;;;;;;;1;F06283";881
Codigo de prestacion se encuentra fuera de los existentes;"A;L;4337/13;IGR031O24;.4;25;2013-04-04;1804408002046932;DNI;P;32051058;;;;;;;;;1;F06283";881
Codigo de prestacion se encuentra fuera de los existentes;"A;L;4337/13;IGR031O24;.4;25;2013-04-05;1804408002046932;DNI;P;32051058;;;;;;;;;1;F06283";881
Codigo de prestacion se encuentra fuera de los existentes;"A;L;4337/13;IGR031O10;.4;25;2013-04-15;1899900999135429;DNI;P;24903998;;;;;;;;;1;F06283";881
Codigo de prestacion se encuentra fuera de los existentes;"A;L;4337/13;IGR031O10;.4;25;2013-04-26;1899900999109991;DNI;P;36958868;;;;;;;;;1;F06283";881
Codigo de prestacion se encuentra fuera de los existentes;"A;L;4337/13;TLM041O24;.4;830;2013-04-09;1800408002015472;DNI;P;30856503;;;;;;;;;1;F06283";881
Codigo de prestacion se encuentra fuera de los existentes;"A;L;4337/13;ITE009O24;.4;880;2013-04-09;1800408002015472;DNI;P;30856503;;;;;;;;;1;F06283";881
