motivo;registro_rechazado;lote
Registro ya informado o campo ORDEN mal generado;"A;L;6702;NPE37;;20;2012-12-12;0800100011022578;DNI;P;50918772;;;;;;;;;1;L03985";871
 El valor 9999999999999999 para la clave de beneficiario solo es valida para practicas de comunidad;"A;L;5557;LMI75;;1;2012-05-05;9999999999999999;DNI;A;31843611;;;;;;;;;1;L03857";871
 El valor 9999999999999999 para la clave de beneficiario solo es valida para practicas de comunidad;"A;L;5557;LMI49;19;4.5;2012-05-05;9999999999999999;DNI;A;31843611;;;;;;;;;1;L03857";871
 El valor 9999999999999999 para la clave de beneficiario solo es valida para practicas de comunidad;"A;L;5557;LMI46;5;3;2012-05-05;9999999999999999;DNI;A;31843611;;;;;;;;;1;L03857";871
 El valor 9999999999999999 para la clave de beneficiario solo es valida para practicas de comunidad;"A;L;5557;LMI46;53;3;2012-05-05;9999999999999999;DNI;A;31843611;;;;;;;;;1;L03857";871
 El valor 9999999999999999 para la clave de beneficiario solo es valida para practicas de comunidad;"A;L;5557;LMI46;34;3;2012-05-05;9999999999999999;DNI;A;31843611;;;;;;;;;1;L03857";871
 El valor 9999999999999999 para la clave de beneficiario solo es valida para practicas de comunidad;"A;L;5557;LMI46;22;3;2012-05-05;9999999999999999;DNI;A;31843611;;;;;;;;;1;L03857";871
 El valor 9999999999999999 para la clave de beneficiario solo es valida para practicas de comunidad;"A;L;5557;LMI46;18;3;2012-05-05;9999999999999999;DNI;A;31843611;;;;;;;;;1;L03857";871
Registro ya informado o campo ORDEN mal generado;"A;L;5471;LMI46;1;3;2012-05-04;0800100013007839;DNI;P;47937820;;;;;;;;;1;L03040";871
Registro ya informado o campo ORDEN mal generado;"A;L;5471;LMI46;1;3;2012-05-18;0800100013014239;DNI;P;50167917;;;;;;;;;1;L03040";871
Registro ya informado o campo ORDEN mal generado;"A;L;5471;LMI46;1;3;2012-05-18;0800100013014239;DNI;P;50167917;;;;;;;;;1;L03040";871
Registro ya informado o campo ORDEN mal generado;"A;L;5471;LMI46;1;3;2012-05-18;0800100013014239;DNI;P;50167917;;;;;;;;;1;L03040";871
Registro ya informado o campo ORDEN mal generado;"A;L;5471;LMI46;1;3;2012-05-18;0800100013014239;DNI;P;50167917;;;;;;;;;1;L03040";871
Registro ya informado o campo ORDEN mal generado;"A;L;5363;LMI47;1;3.5;2012-04-18;0800100011021829;DNI;P;34417358;;;;;;;;;1;L03944";871
Registro ya informado o campo ORDEN mal generado;"A;L;5363;LMI47;1;3.5;2012-04-18;0800100011021829;DNI;P;34417358;;;;;;;;;1;L03944";871
Registro ya informado o campo ORDEN mal generado;"A;L;5363;LMI47;1;3.5;2012-04-18;0800100011021829;DNI;P;34417358;;;;;;;;;1;L03944";871
Registro ya informado o campo ORDEN mal generado;"A;L;5363;LMI47;1;3.5;2012-04-18;0800100011021829;DNI;P;34417358;;;;;;;;;1;L03944";871
Codigo de prestacion se encuentra fuera de los existentes;"A;L;8162;LBL079;;3;2013-01-30;0800100020002541;DNI;P;22271490;;;;;;;;;1;L03578";871
Codigo de prestacion se encuentra fuera de los existentes;"A;L;8162;LBL079;;3;2013-01-30;0800100001000507;DNI;P;45589136;;;;;;;;;1;L03578";871
Codigo de prestacion se encuentra fuera de los existentes;"A;L;8162;LBL079;;3;2013-01-29;0800100020012902;DNI;P;35502915;;;;;;;;;1;L03578";871
Codigo de prestacion se encuentra fuera de los existentes;"A;L;8162;LBL079;;3;2013-01-29;0800100020002295;DNI;P;21866584;;;;;;;;;1;L03578";871
Codigo de prestacion se encuentra fuera de los existentes;"A;L;8162;LBL079;;3;2013-01-29;0800100013014864;DNI;P;37496071;;;;;;;;;1;L03578";871
Codigo de prestacion se encuentra fuera de los existentes;"A;L;8162;LBL079;;3;2013-01-29;0800100011025372;DNI;P;94766479;;;;;;;;;1;L03578";871
Codigo de prestacion se encuentra fuera de los existentes;"A;L;8162;LBL079;;3;2013-01-29;0800100011016367;DNI;P;26253238;;;;;;;;;1;L03578";871
Codigo de prestacion se encuentra fuera de los existentes;"A;L;8162;LBL079;;3;2013-01-29;0800100011014684;DNI;P;50343322;;;;;;;;;1;L03578";871
Codigo de prestacion se encuentra fuera de los existentes;"A;L;8162;LBL079;;3;2013-01-29;0800100007000833;DNI;P;46536270;;;;;;;;;1;L03578";871
Codigo de prestacion se encuentra fuera de los existentes;"A;L;8162;LBL079;;3;2013-01-28;0800100021106944;DNI;P;29196953;;;;;;;;;1;L03578";871
Codigo de prestacion se encuentra fuera de los existentes;"A;L;8162;LBL079;;3;2013-01-28;0800100013016564;DNI;P;33820301;;;;;;;;;1;L03578";871
Codigo de prestacion se encuentra fuera de los existentes;"A;L;8162;LBL079;;3;2013-01-25;0800100020030140;DNI;P;94103619;;;;;;;;;1;L03578";871
Codigo de prestacion se encuentra fuera de los existentes;"A;L;8162;LBL079;;3;2013-01-25;0800100011013182;DNI;P;21564701;;;;;;;;;1;L03578";871
Codigo de prestacion se encuentra fuera de los existentes;"A;L;8162;LBL079;;3;2013-01-25;0800100011008952;DNI;P;34774211;;;;;;;;;1;L03578";871
Codigo de prestacion se encuentra fuera de los existentes;"A;L;8162;LBL079;;3;2013-01-25;0800100005002020;DNI;P;46176777;;;;;;;;;1;L03578";871
Codigo de prestacion se encuentra fuera de los existentes;"A;L;8162;LBL079;;3;2013-01-24;0800100020022058;DNI;P;40820953;;;;;;;;;1;L03578";871
Codigo de prestacion se encuentra fuera de los existentes;"A;L;8162;LBL079;;3;2013-01-24;0800100014003224;DNI;P;36255580;;;;;;;;;1;L03578";871
Codigo de prestacion se encuentra fuera de los existentes;"A;L;8162;LBL079;;3;2013-01-24;0800100013016246;DNI;P;38648020;;;;;;;;;1;L03578";871
Codigo de prestacion se encuentra fuera de los existentes;"A;L;8162;LBL079;;3;2013-01-24;0800100013012708;DNI;P;50343933;;;;;;;;;1;L03578";871
Codigo de prestacion se encuentra fuera de los existentes;"A;L;8162;LBL079;;3;2013-01-24;0800100011017064;DNI;P;25425778;;;;;;;;;1;L03578";871
Codigo de prestacion se encuentra fuera de los existentes;"A;L;8162;LBL079;;3;2013-01-22;0800100020009118;DNI;P;30244820;;;;;;;;;1;L03578";871
Codigo de prestacion se encuentra fuera de los existentes;"A;L;8162;LBL079;;3;2013-01-22;0800100020007128;DNI;P;28087338;;;;;;;;;1;L03578";871
Codigo de prestacion se encuentra fuera de los existentes;"A;L;8162;LBL079;;3;2013-01-21;0800100021107208;DNI;P;37319186;;;;;;;;;1;L03578";871
Codigo de prestacion se encuentra fuera de los existentes;"A;L;8162;LBL079;;3;2013-01-21;0800100020004014;DNI;P;24580855;;;;;;;;;1;L03578";871
Codigo de prestacion se encuentra fuera de los existentes;"A;L;8162;LBL079;;3;2013-01-18;0800100020015912;DNI;P;37653839;;;;;;;;;1;L03578";871
Codigo de prestacion se encuentra fuera de los existentes;"A;L;8162;LBL079;;3;2013-01-18;0800100013009482;DNI;P;32561615;;;;;;;;;1;L03578";871
Codigo de prestacion se encuentra fuera de los existentes;"A;L;8162;LBL079;;3;2013-01-18;0800100011000854;DNI;P;18187961;;;;;;;;;1;L03578";871
Codigo de prestacion se encuentra fuera de los existentes;"A;L;8162;LBL079;;3;2013-01-17;0800100020006684;DNI;P;27515275;;;;;;;;;1;L03578";871
Codigo de prestacion se encuentra fuera de los existentes;"A;L;8162;LBL079;;3;2013-01-17;0800100020004014;DNI;P;24580855;;;;;;;;;1;L03578";871
Codigo de prestacion se encuentra fuera de los existentes;"A;L;8162;LBL079;;3;2013-01-17;0800100014002395;DNI;P;34887252;;;;;;;;;1;L03578";871
Codigo de prestacion se encuentra fuera de los existentes;"A;L;8162;LBL079;;3;2013-01-16;0800100013016243;DNI;P;23352997;;;;;;;;;1;L03578";871
Codigo de prestacion se encuentra fuera de los existentes;"A;L;8162;LBL079;;3;2013-01-16;0800100011024975;DNI;P;93041561;;;;;;;;;1;L03578";871
Codigo de prestacion se encuentra fuera de los existentes;"A;L;8162;LBL079;;3;2013-01-15;0800100020006558;DNI;P;27451243;;;;;;;;;1;L03578";871
Codigo de prestacion se encuentra fuera de los existentes;"A;L;8162;LBL079;;3;2013-01-15;0800100013001160;DNI;P;30920799;;;;;;;;;1;L03578";871
Codigo de prestacion se encuentra fuera de los existentes;"A;L;8162;LBL079;;3;2013-01-15;0800100001001468;DNI;P;46870176;;;;;;;;;1;L03578";871
Codigo de prestacion se encuentra fuera de los existentes;"A;L;8162;LBL079;;3;2013-01-07;0800100020004004;DNI;P;24579965;;;;;;;;;1;L03578";871
Codigo de prestacion se encuentra fuera de los existentes;"A;L;8162;LBL079;;3;2013-01-07;0800100014006451;DNI;P;29436644;;;;;;;;;1;L03578";871
Codigo de prestacion se encuentra fuera de los existentes;"A;L;8162;LBL079;;3;2013-01-07;0800100013015339;DNI;P;52080703;;;;;;;;;1;L03578";871
Codigo de prestacion se encuentra fuera de los existentes;"A;L;8162;LBL079;;3;2013-01-07;0800100006001554;DNI;P;46386091;;;;;;;;;1;L03578";871
Codigo de prestacion se encuentra fuera de los existentes;"A;L;8162;LBL079;;3;2013-01-03;0800100020010910;DNI;P;32447066;;;;;;;;;1;L03578";871
Codigo de prestacion se encuentra fuera de los existentes;"A;L;8162;LBL079;;3;2013-01-03;0800100011024091;DNI;P;29106270;;;;;;;;;1;L03578";871
Codigo de prestacion se encuentra fuera de los existentes;"A;L;8162;LBL059;;4.5;2013-01-24;0800100013012708;DNI;P;50343933;;;;;;;;;1;L03578";871
Codigo de prestacion se encuentra fuera de los existentes;"A;L;8162;LBL059;;4.5;2013-01-17;0800100020006865;DNI;P;27808871;;;;;;;;;1;L03578";871
Codigo de prestacion se encuentra fuera de los existentes;"A;L;8162;LBL059;;4.5;2013-01-03;0800100011024091;DNI;P;29106270;;;;;;;;;1;L03578";871
Codigo de prestacion se encuentra fuera de los existentes;"A;L;8162;LBL058;;4;2013-01-25;0800100011008952;DNI;P;34774211;;;;;;;;;1;L03578";871
Codigo de prestacion se encuentra fuera de los existentes;"A;L;8162;LBL058;;4;2013-01-24;0800100011017064;DNI;P;25425778;;;;;;;;;1;L03578";871
Codigo de prestacion se encuentra fuera de los existentes;"A;L;8162;LBL058;;4;2013-01-21;0800100021107208;DNI;P;37319186;;;;;;;;;1;L03578";871
Codigo de prestacion se encuentra fuera de los existentes;"A;L;8162;LBL058;;4;2013-01-17;0800100014002395;DNI;P;34887252;;;;;;;;;1;L03578";871
Codigo de prestacion se encuentra fuera de los existentes;"A;L;8162;LBL058;;4;2013-01-17;0800100013013573;DNI;P;37654541;;;;;;;;;1;L03578";871
Codigo de prestacion se encuentra fuera de los existentes;"A;L;8162;LBL058;;4;2013-01-16;0800100011024975;DNI;P;93041561;;;;;;;;;1;L03578";871
Codigo de prestacion se encuentra fuera de los existentes;"A;L;8162;LBL057;;3;2013-01-30;0800100020002541;DNI;P;22271490;;;;;;;;;1;L03578";871
Codigo de prestacion se encuentra fuera de los existentes;"A;L;8162;LBL057;;3;2013-01-29;0800100020012902;DNI;P;35502915;;;;;;;;;1;L03578";871
Codigo de prestacion se encuentra fuera de los existentes;"A;L;8162;LBL057;;3;2013-01-29;0800100020002295;DNI;P;21866584;;;;;;;;;1;L03578";871
Codigo de prestacion se encuentra fuera de los existentes;"A;L;8162;LBL057;;3;2013-01-29;0800100013014864;DNI;P;37496071;;;;;;;;;1;L03578";871
Codigo de prestacion se encuentra fuera de los existentes;"A;L;8162;LBL057;;3;2013-01-29;0800100011025372;DNI;P;94766479;;;;;;;;;1;L03578";871
Codigo de prestacion se encuentra fuera de los existentes;"A;L;8162;LBL057;;3;2013-01-29;0800100011016367;DNI;P;26253238;;;;;;;;;1;L03578";871
Codigo de prestacion se encuentra fuera de los existentes;"A;L;8162;LBL057;;3;2013-01-29;0800100011014684;DNI;P;50343322;;;;;;;;;1;L03578";871
Codigo de prestacion se encuentra fuera de los existentes;"A;L;8162;LBL057;;3;2013-01-29;0800100007000833;DNI;P;46536270;;;;;;;;;1;L03578";871
Codigo de prestacion se encuentra fuera de los existentes;"A;L;8162;LBL057;;3;2013-01-28;0800100021106944;DNI;P;29196953;;;;;;;;;1;L03578";871
Codigo de prestacion se encuentra fuera de los existentes;"A;L;8162;LBL057;;3;2013-01-28;0800100020000959;DNI;P;17037673;;;;;;;;;1;L03578";871
Codigo de prestacion se encuentra fuera de los existentes;"A;L;8162;LBL057;;3;2013-01-28;0800100013016564;DNI;P;33820301;;;;;;;;;1;L03578";871
Codigo de prestacion se encuentra fuera de los existentes;"A;L;8162;LBL057;;3;2013-01-25;0800100020030140;DNI;P;94103619;;;;;;;;;1;L03578";871
Codigo de prestacion se encuentra fuera de los existentes;"A;L;8162;LBL057;;3;2013-01-25;0800100011013182;DNI;P;21564701;;;;;;;;;1;L03578";871
Codigo de prestacion se encuentra fuera de los existentes;"A;L;8162;LBL057;;3;2013-01-25;0800100011008952;DNI;P;34774211;;;;;;;;;1;L03578";871
Codigo de prestacion se encuentra fuera de los existentes;"A;L;8162;LBL057;;3;2013-01-25;0800100011001651;DNI;P;48213989;;;;;;;;;1;L03578";871
Codigo de prestacion se encuentra fuera de los existentes;"A;L;8162;LBL057;;3;2013-01-25;0800100005002020;DNI;P;46176777;;;;;;;;;1;L03578";871
Codigo de prestacion se encuentra fuera de los existentes;"A;L;8162;LBL057;;3;2013-01-24;0800100020022058;DNI;P;40820953;;;;;;;;;1;L03578";871
Codigo de prestacion se encuentra fuera de los existentes;"A;L;8162;LBL057;;3;2013-01-24;0800100014003224;DNI;P;36255580;;;;;;;;;1;L03578";871
Codigo de prestacion se encuentra fuera de los existentes;"A;L;8162;LBL057;;3;2013-01-24;0800100013016246;DNI;P;38648020;;;;;;;;;1;L03578";871
Codigo de prestacion se encuentra fuera de los existentes;"A;L;8162;LBL057;;3;2013-01-24;0800100013012708;DNI;P;50343933;;;;;;;;;1;L03578";871
Codigo de prestacion se encuentra fuera de los existentes;"A;L;8162;LBL057;;3;2013-01-24;0800100011017064;DNI;P;25425778;;;;;;;;;1;L03578";871
Codigo de prestacion se encuentra fuera de los existentes;"A;L;8162;LBL057;;3;2013-01-22;0800100020007128;DNI;P;28087338;;;;;;;;;1;L03578";871
Codigo de prestacion se encuentra fuera de los existentes;"A;L;8162;LBL057;;3;2013-01-21;0800100021107208;DNI;P;37319186;;;;;;;;;1;L03578";871
Codigo de prestacion se encuentra fuera de los existentes;"A;L;8162;LBL057;;3;2013-01-21;0800100020004014;DNI;P;24580855;;;;;;;;;1;L03578";871
Codigo de prestacion se encuentra fuera de los existentes;"A;L;8162;LBL057;;3;2013-01-21;0800100013006306;DNI;P;31374490;;;;;;;;;1;L03578";871
Codigo de prestacion se encuentra fuera de los existentes;"A;L;8162;LBL057;;3;2013-01-18;0800100020015912;DNI;P;37653839;;;;;;;;;1;L03578";871
Codigo de prestacion se encuentra fuera de los existentes;"A;L;8162;LBL057;;3;2013-01-18;0800100013009482;DNI;P;32561615;;;;;;;;;1;L03578";871
Codigo de prestacion se encuentra fuera de los existentes;"A;L;8162;LBL057;;3;2013-01-18;0800100011000854;DNI;P;18187961;;;;;;;;;1;L03578";871
Codigo de prestacion se encuentra fuera de los existentes;"A;L;8162;LBL057;;3;2013-01-17;0800100020007924;DNI;P;28896967;;;;;;;;;1;L03578";871
Codigo de prestacion se encuentra fuera de los existentes;"A;L;8162;LBL057;;3;2013-01-17;0800100020006865;DNI;P;27808871;;;;;;;;;1;L03578";871
Codigo de prestacion se encuentra fuera de los existentes;"A;L;8162;LBL057;;3;2013-01-17;0800100020006684;DNI;P;27515275;;;;;;;;;1;L03578";871
Codigo de prestacion se encuentra fuera de los existentes;"A;L;8162;LBL057;;3;2013-01-17;0800100014002395;DNI;P;34887252;;;;;;;;;1;L03578";871
Codigo de prestacion se encuentra fuera de los existentes;"A;L;8162;LBL057;;3;2013-01-16;0800100013016243;DNI;P;23352997;;;;;;;;;1;L03578";871
Codigo de prestacion se encuentra fuera de los existentes;"A;L;8162;LBL057;;3;2013-01-16;0800100013014456;DNI;P;94326716;;;;;;;;;1;L03578";871
Codigo de prestacion se encuentra fuera de los existentes;"A;L;8162;LBL057;;3;2013-01-16;0800100011024975;DNI;P;93041561;;;;;;;;;1;L03578";871
Codigo de prestacion se encuentra fuera de los existentes;"A;L;8162;LBL057;;3;2013-01-15;0800100020006558;DNI;P;27451243;;;;;;;;;1;L03578";871
Codigo de prestacion se encuentra fuera de los existentes;"A;L;8162;LBL057;;3;2013-01-15;0800100013001160;DNI;P;30920799;;;;;;;;;1;L03578";871
Codigo de prestacion se encuentra fuera de los existentes;"A;L;8162;LBL057;;3;2013-01-15;0800100001001468;DNI;P;46870176;;;;;;;;;1;L03578";871
Codigo de prestacion se encuentra fuera de los existentes;"A;L;8162;LBL057;;3;2013-01-07;0800100020004004;DNI;P;24579965;;;;;;;;;1;L03578";871
Codigo de prestacion se encuentra fuera de los existentes;"A;L;8162;LBL057;;3;2013-01-07;0800100014006451;DNI;P;29436644;;;;;;;;;1;L03578";871
Codigo de prestacion se encuentra fuera de los existentes;"A;L;8162;LBL057;;3;2013-01-07;0800100006001554;DNI;P;46386091;;;;;;;;;1;L03578";871
Codigo de prestacion se encuentra fuera de los existentes;"A;L;8162;LBL057;;3;2013-01-03;0800100020010910;DNI;P;32447066;;;;;;;;;1;L03578";871
Codigo de prestacion se encuentra fuera de los existentes;"A;L;8162;LBL057;;3;2013-01-03;0800100014000212;DNI;P;26858220;;;;;;;;;1;L03578";871
Codigo de prestacion se encuentra fuera de los existentes;"A;L;8162;LBL057;;3;2013-01-03;0800100011024091;DNI;P;29106270;;;;;;;;;1;L03578";871
Codigo de prestacion se encuentra fuera de los existentes;"A;L;8162;LBL057;;3;2013-01-03;0800100011022942;DNI;P;52046024;;;;;;;;;1;L03578";871
Codigo de prestacion se encuentra fuera de los existentes;"A;L;8162;LBL057;;3;2013-01-03;0800100001015616;DNI;P;48407400;;;;;;;;;1;L03578";871
Codigo de prestacion se encuentra fuera de los existentes;"A;L;8162;LBL056;;4;2013-01-24;0800100020006684;DNI;P;27515275;;;;;;;;;1;L03578";871
Codigo de prestacion se encuentra fuera de los existentes;"A;L;8162;LBL052;;3;2013-01-29;0800100011016367;DNI;P;26253238;;;;;;;;;1;L03578";871
Codigo de prestacion se encuentra fuera de los existentes;"A;L;8162;LBL052;;3;2013-01-25;0800100020000216;DNI;P;12851133;;;;;;;;;1;L03578";871
Codigo de prestacion se encuentra fuera de los existentes;"A;L;8162;LBL052;;3;2013-01-18;0800100011000854;DNI;P;18187961;;;;;;;;;1;L03578";871
Codigo de prestacion se encuentra fuera de los existentes;"A;L;8162;LBL052;;3;2013-01-17;0800100020006684;DNI;P;27515275;;;;;;;;;1;L03578";871
Codigo de prestacion se encuentra fuera de los existentes;"A;L;8162;LBL052;;3;2013-01-07;0800100020004004;DNI;P;24579965;;;;;;;;;1;L03578";871
Codigo de prestacion se encuentra fuera de los existentes;"A;L;8162;LBL050;;3;2013-01-29;0800100020020396;DNI;P;39905414;;;;;;;;;1;L03578";871
Codigo de prestacion se encuentra fuera de los existentes;"A;L;8162;LBL050;;3;2013-01-29;0800100013014864;DNI;P;37496071;;;;;;;;;1;L03578";871
Codigo de prestacion se encuentra fuera de los existentes;"A;L;8162;LBL050;;3;2013-01-21;0800100021107208;DNI;P;37319186;;;;;;;;;1;L03578";871
Codigo de prestacion se encuentra fuera de los existentes;"A;L;8162;LBL048;;3;2013-01-29;0800100011016367;DNI;P;26253238;;;;;;;;;1;L03578";871
Codigo de prestacion se encuentra fuera de los existentes;"A;L;8162;LBL048;;3;2013-01-28;0800100013016564;DNI;P;33820301;;;;;;;;;1;L03578";871
Codigo de prestacion se encuentra fuera de los existentes;"A;L;8162;LBL048;;3;2013-01-17;0800100014002395;DNI;P;34887252;;;;;;;;;1;L03578";871
Codigo de prestacion se encuentra fuera de los existentes;"A;L;8162;LBL048;;3;2013-01-17;0800100013013573;DNI;P;37654541;;;;;;;;;1;L03578";871
Codigo de prestacion se encuentra fuera de los existentes;"A;L;8162;LBL045;;3;2013-01-30;0800100020002541;DNI;P;22271490;;;;;;;;;1;L03578";871
Codigo de prestacion se encuentra fuera de los existentes;"A;L;8162;LBL045;;3;2013-01-30;0800100011003438;DNI;P;48272864;;;;;;;;;1;L03578";871
Codigo de prestacion se encuentra fuera de los existentes;"A;L;8162;LBL045;;3;2013-01-29;0800100020012902;DNI;P;35502915;;;;;;;;;1;L03578";871
Codigo de prestacion se encuentra fuera de los existentes;"A;L;8162;LBL045;;3;2013-01-29;0800100020002295;DNI;P;21866584;;;;;;;;;1;L03578";871
Codigo de prestacion se encuentra fuera de los existentes;"A;L;8162;LBL045;;3;2013-01-29;0800100013014864;DNI;P;37496071;;;;;;;;;1;L03578";871
Codigo de prestacion se encuentra fuera de los existentes;"A;L;8162;LBL045;;3;2013-01-29;0800100011025372;DNI;P;94766479;;;;;;;;;1;L03578";871
Codigo de prestacion se encuentra fuera de los existentes;"A;L;8162;LBL045;;3;2013-01-29;0800100011016367;DNI;P;26253238;;;;;;;;;1;L03578";871
Codigo de prestacion se encuentra fuera de los existentes;"A;L;8162;LBL045;;3;2013-01-29;0800100011014684;DNI;P;50343322;;;;;;;;;1;L03578";871
Codigo de prestacion se encuentra fuera de los existentes;"A;L;8162;LBL045;;3;2013-01-29;0800100007000833;DNI;P;46536270;;;;;;;;;1;L03578";871
Codigo de prestacion se encuentra fuera de los existentes;"A;L;8162;LBL045;;3;2013-01-28;0800100021106944;DNI;P;29196953;;;;;;;;;1;L03578";871
Codigo de prestacion se encuentra fuera de los existentes;"A;L;8162;LBL045;;3;2013-01-28;0800100020000959;DNI;P;17037673;;;;;;;;;1;L03578";871
Codigo de prestacion se encuentra fuera de los existentes;"A;L;8162;LBL045;;3;2013-01-28;0800100013016564;DNI;P;33820301;;;;;;;;;1;L03578";871
Codigo de prestacion se encuentra fuera de los existentes;"A;L;8162;LBL045;;3;2013-01-25;0800100020030140;DNI;P;94103619;;;;;;;;;1;L03578";871
Codigo de prestacion se encuentra fuera de los existentes;"A;L;8162;LBL045;;3;2013-01-25;0800100020000216;DNI;P;12851133;;;;;;;;;1;L03578";871
Codigo de prestacion se encuentra fuera de los existentes;"A;L;8162;LBL045;;3;2013-01-25;0800100011013182;DNI;P;21564701;;;;;;;;;1;L03578";871
Codigo de prestacion se encuentra fuera de los existentes;"A;L;8162;LBL045;;3;2013-01-25;0800100011008952;DNI;P;34774211;;;;;;;;;1;L03578";871
Codigo de prestacion se encuentra fuera de los existentes;"A;L;8162;LBL045;;3;2013-01-25;0800100011001651;DNI;P;48213989;;;;;;;;;1;L03578";871
Codigo de prestacion se encuentra fuera de los existentes;"A;L;8162;LBL045;;3;2013-01-25;0800100005002020;DNI;P;46176777;;;;;;;;;1;L03578";871
Codigo de prestacion se encuentra fuera de los existentes;"A;L;8162;LBL045;;3;2013-01-24;0800100020022058;DNI;P;40820953;;;;;;;;;1;L03578";871
Codigo de prestacion se encuentra fuera de los existentes;"A;L;8162;LBL045;;3;2013-01-24;0800100020006684;DNI;P;27515275;;;;;;;;;1;L03578";871
Codigo de prestacion se encuentra fuera de los existentes;"A;L;8162;LBL045;;3;2013-01-24;0800100014003224;DNI;P;36255580;;;;;;;;;1;L03578";871
Codigo de prestacion se encuentra fuera de los existentes;"A;L;8162;LBL045;;3;2013-01-24;0800100013016246;DNI;P;38648020;;;;;;;;;1;L03578";871
Codigo de prestacion se encuentra fuera de los existentes;"A;L;8162;LBL045;;3;2013-01-24;0800100013012708;DNI;P;50343933;;;;;;;;;1;L03578";871
Codigo de prestacion se encuentra fuera de los existentes;"A;L;8162;LBL045;;3;2013-01-24;0800100011017064;DNI;P;25425778;;;;;;;;;1;L03578";871
Codigo de prestacion se encuentra fuera de los existentes;"A;L;8162;LBL045;;3;2013-01-22;0800100020009118;DNI;P;30244820;;;;;;;;;1;L03578";871
Codigo de prestacion se encuentra fuera de los existentes;"A;L;8162;LBL045;;3;2013-01-22;0800100020007128;DNI;P;28087338;;;;;;;;;1;L03578";871
Codigo de prestacion se encuentra fuera de los existentes;"A;L;8162;LBL045;;3;2013-01-21;0800100021107208;DNI;P;37319186;;;;;;;;;1;L03578";871
Codigo de prestacion se encuentra fuera de los existentes;"A;L;8162;LBL045;;3;2013-01-21;0800100020004014;DNI;P;24580855;;;;;;;;;1;L03578";871
Codigo de prestacion se encuentra fuera de los existentes;"A;L;8162;LBL045;;3;2013-01-21;0800100013006306;DNI;P;31374490;;;;;;;;;1;L03578";871
Codigo de prestacion se encuentra fuera de los existentes;"A;L;8162;LBL045;;3;2013-01-18;0800100020015912;DNI;P;37653839;;;;;;;;;1;L03578";871
Codigo de prestacion se encuentra fuera de los existentes;"A;L;8162;LBL045;;3;2013-01-18;0800100013009482;DNI;P;32561615;;;;;;;;;1;L03578";871
Codigo de prestacion se encuentra fuera de los existentes;"A;L;8162;LBL045;;3;2013-01-18;0800100011000854;DNI;P;18187961;;;;;;;;;1;L03578";871
Codigo de prestacion se encuentra fuera de los existentes;"A;L;8162;LBL045;;3;2013-01-17;0800100020007924;DNI;P;28896967;;;;;;;;;1;L03578";871
Codigo de prestacion se encuentra fuera de los existentes;"A;L;8162;LBL045;;3;2013-01-17;0800100020006865;DNI;P;27808871;;;;;;;;;1;L03578";871
Codigo de prestacion se encuentra fuera de los existentes;"A;L;8162;LBL045;;3;2013-01-17;0800100020006684;DNI;P;27515275;;;;;;;;;1;L03578";871
Codigo de prestacion se encuentra fuera de los existentes;"A;L;8162;LBL045;;3;2013-01-17;0800100014002395;DNI;P;34887252;;;;;;;;;1;L03578";871
Codigo de prestacion se encuentra fuera de los existentes;"A;L;8162;LBL045;;3;2013-01-16;0800100013016243;DNI;P;23352997;;;;;;;;;1;L03578";871
Codigo de prestacion se encuentra fuera de los existentes;"A;L;8162;LBL045;;3;2013-01-16;0800100011024975;DNI;P;93041561;;;;;;;;;1;L03578";871
Codigo de prestacion se encuentra fuera de los existentes;"A;L;8162;LBL045;;3;2013-01-15;0800100020006558;DNI;P;27451243;;;;;;;;;1;L03578";871
Codigo de prestacion se encuentra fuera de los existentes;"A;L;8162;LBL045;;3;2013-01-15;0800100001001468;DNI;P;46870176;;;;;;;;;1;L03578";871
Codigo de prestacion se encuentra fuera de los existentes;"A;L;8162;LBL045;;3;2013-01-07;0800100020004004;DNI;P;24579965;;;;;;;;;1;L03578";871
Codigo de prestacion se encuentra fuera de los existentes;"A;L;8162;LBL045;;3;2013-01-07;0800100014006451;DNI;P;29436644;;;;;;;;;1;L03578";871
Codigo de prestacion se encuentra fuera de los existentes;"A;L;8162;LBL045;;3;2013-01-07;0800100006001554;DNI;P;46386091;;;;;;;;;1;L03578";871
Codigo de prestacion se encuentra fuera de los existentes;"A;L;8162;LBL045;;3;2013-01-03;0800100020010910;DNI;P;32447066;;;;;;;;;1;L03578";871
Codigo de prestacion se encuentra fuera de los existentes;"A;L;8162;LBL045;;3;2013-01-03;0800100014000212;DNI;P;26858220;;;;;;;;;1;L03578";871
Codigo de prestacion se encuentra fuera de los existentes;"A;L;8162;LBL045;;3;2013-01-03;0800100011024091;DNI;P;29106270;;;;;;;;;1;L03578";871
Codigo de prestacion se encuentra fuera de los existentes;"A;L;8162;LBL045;;3;2013-01-03;0800100011022942;DNI;P;52046024;;;;;;;;;1;L03578";871
Codigo de prestacion se encuentra fuera de los existentes;"A;L;8162;LBL045;;3;2013-01-03;0800100001015616;DNI;P;48407400;;;;;;;;;1;L03578";871
Codigo de prestacion se encuentra fuera de los existentes;"A;L;8162;LBL044;;3;2013-01-24;0800100013016246;DNI;P;38648020;;;;;;;;;1;L03578";871
Codigo de prestacion se encuentra fuera de los existentes;"A;L;8162;LBL044;;3;2013-01-22;0800100020009118;DNI;P;30244820;;;;;;;;;1;L03578";871
Codigo de prestacion se encuentra fuera de los existentes;"A;L;8162;LBL044;;3;2013-01-21;0800100013006306;DNI;P;31374490;;;;;;;;;1;L03578";871
Codigo de prestacion se encuentra fuera de los existentes;"A;L;8162;LBL044;;3;2013-01-18;0800100011000854;DNI;P;18187961;;;;;;;;;1;L03578";871
Codigo de prestacion se encuentra fuera de los existentes;"A;L;8162;LBL044;;3;2013-01-17;0800100020007924;DNI;P;28896967;;;;;;;;;1;L03578";871
Codigo de prestacion se encuentra fuera de los existentes;"A;L;8162;LBL040;;3;2013-01-30;0800100020002541;DNI;P;22271490;;;;;;;;;1;L03578";871
Codigo de prestacion se encuentra fuera de los existentes;"A;L;8162;LBL040;;3;2013-01-30;0800100011003438;DNI;P;48272864;;;;;;;;;1;L03578";871
Codigo de prestacion se encuentra fuera de los existentes;"A;L;8162;LBL040;;3;2013-01-25;0800100011001651;DNI;P;48213989;;;;;;;;;1;L03578";871
Codigo de prestacion se encuentra fuera de los existentes;"A;L;8162;LBL040;;3;2013-01-25;0800100005002020;DNI;P;46176777;;;;;;;;;1;L03578";871
Codigo de prestacion se encuentra fuera de los existentes;"A;L;8162;LBL040;;3;2013-01-24;0800100013012708;DNI;P;50343933;;;;;;;;;1;L03578";871
Codigo de prestacion se encuentra fuera de los existentes;"A;L;8162;LBL040;;3;2013-01-21;0800100020004014;DNI;P;24580855;;;;;;;;;1;L03578";871
Codigo de prestacion se encuentra fuera de los existentes;"A;L;8162;LBL040;;3;2013-01-21;0800100013006306;DNI;P;31374490;;;;;;;;;1;L03578";871
Codigo de prestacion se encuentra fuera de los existentes;"A;L;8162;LBL040;;3;2013-01-17;0800100020006865;DNI;P;27808871;;;;;;;;;1;L03578";871
Codigo de prestacion se encuentra fuera de los existentes;"A;L;8162;LBL040;;3;2013-01-17;0800100014002395;DNI;P;34887252;;;;;;;;;1;L03578";871
Codigo de prestacion se encuentra fuera de los existentes;"A;L;8162;LBL040;;3;2013-01-03;0800100011024091;DNI;P;29106270;;;;;;;;;1;L03578";871
Codigo de prestacion se encuentra fuera de los existentes;"A;L;8162;LBL040;;3;2013-01-03;0800100011022942;DNI;P;52046024;;;;;;;;;1;L03578";871
Codigo de prestacion se encuentra fuera de los existentes;"A;L;8162;LBL040;;3;2013-01-03;0800100001015616;DNI;P;48407400;;;;;;;;;1;L03578";871
Codigo de prestacion se encuentra fuera de los existentes;"A;L;8162;LBL028;;3;2013-01-30;0800100011003438;DNI;P;48272864;;;;;;;;;1;L03578";871
Codigo de prestacion se encuentra fuera de los existentes;"A;L;8162;LBL028;;3;2013-01-29;0800100011016367;DNI;P;26253238;;;;;;;;;1;L03578";871
Codigo de prestacion se encuentra fuera de los existentes;"A;L;8162;LBL028;;3;2013-01-28;0800100021106944;DNI;P;29196953;;;;;;;;;1;L03578";871
Codigo de prestacion se encuentra fuera de los existentes;"A;L;8162;LBL028;;3;2013-01-28;0800100020000959;DNI;P;17037673;;;;;;;;;1;L03578";871
Codigo de prestacion se encuentra fuera de los existentes;"A;L;8162;LBL028;;3;2013-01-25;0800100011001651;DNI;P;48213989;;;;;;;;;1;L03578";871
Codigo de prestacion se encuentra fuera de los existentes;"A;L;8162;LBL028;;3;2013-01-25;0800100005002020;DNI;P;46176777;;;;;;;;;1;L03578";871
Codigo de prestacion se encuentra fuera de los existentes;"A;L;8162;LBL028;;3;2013-01-24;0800100020022058;DNI;P;40820953;;;;;;;;;1;L03578";871
Codigo de prestacion se encuentra fuera de los existentes;"A;L;8162;LBL028;;3;2013-01-24;0800100014003224;DNI;P;36255580;;;;;;;;;1;L03578";871
Codigo de prestacion se encuentra fuera de los existentes;"A;L;8162;LBL028;;3;2013-01-22;0800100020009118;DNI;P;30244820;;;;;;;;;1;L03578";871
Codigo de prestacion se encuentra fuera de los existentes;"A;L;8162;LBL028;;3;2013-01-21;0800100020004014;DNI;P;24580855;;;;;;;;;1;L03578";871
Codigo de prestacion se encuentra fuera de los existentes;"A;L;8162;LBL028;;3;2013-01-18;0800100020015912;DNI;P;37653839;;;;;;;;;1;L03578";871
Codigo de prestacion se encuentra fuera de los existentes;"A;L;8162;LBL028;;3;2013-01-18;0800100011000854;DNI;P;18187961;;;;;;;;;1;L03578";871
Codigo de prestacion se encuentra fuera de los existentes;"A;L;8162;LBL028;;3;2013-01-17;0800100020006865;DNI;P;27808871;;;;;;;;;1;L03578";871
Codigo de prestacion se encuentra fuera de los existentes;"A;L;8162;LBL028;;3;2013-01-17;0800100020006684;DNI;P;27515275;;;;;;;;;1;L03578";871
Codigo de prestacion se encuentra fuera de los existentes;"A;L;8162;LBL028;;3;2013-01-15;0800100020006558;DNI;P;27451243;;;;;;;;;1;L03578";871
Codigo de prestacion se encuentra fuera de los existentes;"A;L;8162;LBL028;;3;2013-01-15;0800100001001468;DNI;P;46870176;;;;;;;;;1;L03578";871
Codigo de prestacion se encuentra fuera de los existentes;"A;L;8162;LBL028;;3;2013-01-07;0800100020004004;DNI;P;24579965;;;;;;;;;1;L03578";871
Codigo de prestacion se encuentra fuera de los existentes;"A;L;8162;LBL028;;3;2013-01-07;0800100006001554;DNI;P;46386091;;;;;;;;;1;L03578";871
Codigo de prestacion se encuentra fuera de los existentes;"A;L;8162;LBL028;;3;2013-01-03;0800100011024091;DNI;P;29106270;;;;;;;;;1;L03578";871
Codigo de prestacion se encuentra fuera de los existentes;"A;L;8162;LBL028;;3;2013-01-03;0800100011022942;DNI;P;52046024;;;;;;;;;1;L03578";871
Codigo de prestacion se encuentra fuera de los existentes;"A;L;8162;LBL022;;3;2013-01-29;0800100020002295;DNI;P;21866584;;;;;;;;;1;L03578";871
Codigo de prestacion se encuentra fuera de los existentes;"A;L;8162;LBL022;;3;2013-01-29;0800100013014864;DNI;P;37496071;;;;;;;;;1;L03578";871
Codigo de prestacion se encuentra fuera de los existentes;"A;L;8162;LBL022;;3;2013-01-29;0800100007000833;DNI;P;46536270;;;;;;;;;1;L03578";871
Codigo de prestacion se encuentra fuera de los existentes;"A;L;8162;LBL022;;3;2013-01-25;0800100005002020;DNI;P;46176777;;;;;;;;;1;L03578";871
Codigo de prestacion se encuentra fuera de los existentes;"A;L;8162;LBL022;;3;2013-01-24;0800100013016246;DNI;P;38648020;;;;;;;;;1;L03578";871
Codigo de prestacion se encuentra fuera de los existentes;"A;L;8162;LBL022;;3;2013-01-18;0800100013009482;DNI;P;32561615;;;;;;;;;1;L03578";871
Codigo de prestacion se encuentra fuera de los existentes;"A;L;8162;LBL022;;3;2013-01-17;0800100020006865;DNI;P;27808871;;;;;;;;;1;L03578";871
Codigo de prestacion se encuentra fuera de los existentes;"A;L;8162;LBL022;;3;2013-01-15;0800100013001160;DNI;P;30920799;;;;;;;;;1;L03578";871
Codigo de prestacion se encuentra fuera de los existentes;"A;L;8162;LBL022;;3;2013-01-07;0800100020004004;DNI;P;24579965;;;;;;;;;1;L03578";871
Codigo de prestacion se encuentra fuera de los existentes;"A;L;8162;LBL022;;3;2013-01-03;0800100014000212;DNI;P;26858220;;;;;;;;;1;L03578";871
Codigo de prestacion se encuentra fuera de los existentes;"A;L;8162;LBL018;;3;2013-01-30;0800100020002541;DNI;P;22271490;;;;;;;;;1;L03578";871
Codigo de prestacion se encuentra fuera de los existentes;"A;L;8162;LBL018;;3;2013-01-29;0800100020002295;DNI;P;21866584;;;;;;;;;1;L03578";871
Codigo de prestacion se encuentra fuera de los existentes;"A;L;8162;LBL018;;3;2013-01-29;0800100011016367;DNI;P;26253238;;;;;;;;;1;L03578";871
Codigo de prestacion se encuentra fuera de los existentes;"A;L;8162;LBL018;;3;2013-01-25;0800100020030140;DNI;P;94103619;;;;;;;;;1;L03578";871
Codigo de prestacion se encuentra fuera de los existentes;"A;L;8162;LBL018;;3;2013-01-25;0800100020000216;DNI;P;12851133;;;;;;;;;1;L03578";871
Codigo de prestacion se encuentra fuera de los existentes;"A;L;8162;LBL018;;3;2013-01-25;0800100011013182;DNI;P;21564701;;;;;;;;;1;L03578";871
Codigo de prestacion se encuentra fuera de los existentes;"A;L;8162;LBL018;;3;2013-01-25;0800100005002020;DNI;P;46176777;;;;;;;;;1;L03578";871
Codigo de prestacion se encuentra fuera de los existentes;"A;L;8162;LBL018;;3;2013-01-24;0800100014003224;DNI;P;36255580;;;;;;;;;1;L03578";871
Codigo de prestacion se encuentra fuera de los existentes;"A;L;8162;LBL018;;3;2013-01-22;0800100020009118;DNI;P;30244820;;;;;;;;;1;L03578";871
Codigo de prestacion se encuentra fuera de los existentes;"A;L;8162;LBL018;;3;2013-01-18;0800100011000854;DNI;P;18187961;;;;;;;;;1;L03578";871
Codigo de prestacion se encuentra fuera de los existentes;"A;L;8162;LBL018;;3;2013-01-17;0800100020006865;DNI;P;27808871;;;;;;;;;1;L03578";871
Codigo de prestacion se encuentra fuera de los existentes;"A;L;8162;LBL018;;3;2013-01-17;0800100020006684;DNI;P;27515275;;;;;;;;;1;L03578";871
Codigo de prestacion se encuentra fuera de los existentes;"A;L;8162;LBL018;;3;2013-01-17;0800100014002395;DNI;P;34887252;;;;;;;;;1;L03578";871
Codigo de prestacion se encuentra fuera de los existentes;"A;L;8162;LBL018;;3;2013-01-15;0800100020006558;DNI;P;27451243;;;;;;;;;1;L03578";871
Codigo de prestacion se encuentra fuera de los existentes;"A;L;8162;LBL018;;3;2013-01-07;0800100020004004;DNI;P;24579965;;;;;;;;;1;L03578";871
Codigo de prestacion se encuentra fuera de los existentes;"A;L;8162;LBL014;;3;2013-01-30;0800100011003438;DNI;P;48272864;;;;;;;;;1;L03578";871
Codigo de prestacion se encuentra fuera de los existentes;"A;L;8162;LBL014;;3;2013-01-29;0800100011016367;DNI;P;26253238;;;;;;;;;1;L03578";871
Codigo de prestacion se encuentra fuera de los existentes;"A;L;8162;LBL014;;3;2013-01-29;0800100007000833;DNI;P;46536270;;;;;;;;;1;L03578";871
Codigo de prestacion se encuentra fuera de los existentes;"A;L;8162;LBL014;;3;2013-01-28;0800100020000959;DNI;P;17037673;;;;;;;;;1;L03578";871
Codigo de prestacion se encuentra fuera de los existentes;"A;L;8162;LBL014;;3;2013-01-25;0800100011008952;DNI;P;34774211;;;;;;;;;1;L03578";871
Codigo de prestacion se encuentra fuera de los existentes;"A;L;8162;LBL014;;3;2013-01-25;0800100005002020;DNI;P;46176777;;;;;;;;;1;L03578";871
Codigo de prestacion se encuentra fuera de los existentes;"A;L;8162;LBL014;;3;2013-01-24;0800100013016246;DNI;P;38648020;;;;;;;;;1;L03578";871
Codigo de prestacion se encuentra fuera de los existentes;"A;L;8162;LBL014;;3;2013-01-24;0800100013012708;DNI;P;50343933;;;;;;;;;1;L03578";871
Codigo de prestacion se encuentra fuera de los existentes;"A;L;8162;LBL014;;3;2013-01-24;0800100011017064;DNI;P;25425778;;;;;;;;;1;L03578";871
Codigo de prestacion se encuentra fuera de los existentes;"A;L;8162;LBL014;;3;2013-01-21;0800100021107208;DNI;P;37319186;;;;;;;;;1;L03578";871
Codigo de prestacion se encuentra fuera de los existentes;"A;L;8162;LBL014;;3;2013-01-21;0800100020004014;DNI;P;24580855;;;;;;;;;1;L03578";871
Codigo de prestacion se encuentra fuera de los existentes;"A;L;8162;LBL014;;3;2013-01-18;0800100013009482;DNI;P;32561615;;;;;;;;;1;L03578";871
Codigo de prestacion se encuentra fuera de los existentes;"A;L;8162;LBL014;;3;2013-01-17;0800100020006865;DNI;P;27808871;;;;;;;;;1;L03578";871
Codigo de prestacion se encuentra fuera de los existentes;"A;L;8162;LBL014;;3;2013-01-16;0800100013016243;DNI;P;23352997;;;;;;;;;1;L03578";871
Codigo de prestacion se encuentra fuera de los existentes;"A;L;8162;LBL014;;3;2013-01-16;0800100011024975;DNI;P;93041561;;;;;;;;;1;L03578";871
Codigo de prestacion se encuentra fuera de los existentes;"A;L;8162;LBL014;;3;2013-01-07;0800100006001554;DNI;P;46386091;;;;;;;;;1;L03578";871
Codigo de prestacion se encuentra fuera de los existentes;"A;L;8162;LBL014;;3;2013-01-03;0800100011024091;DNI;P;29106270;;;;;;;;;1;L03578";871
Codigo de prestacion se encuentra fuera de los existentes;"A;L;8162;LBL014;;3;2013-01-03;0800100011022942;DNI;P;52046024;;;;;;;;;1;L03578";871
Codigo de prestacion se encuentra fuera de los existentes;"A;L;8162;LBL014;;3;2013-01-03;0800100001015616;DNI;P;48407400;;;;;;;;;1;L03578";871
Codigo de prestacion se encuentra fuera de los existentes;"A;L;8162;LBL012;;3;2013-01-24;0800100013016246;DNI;P;38648020;;;;;;;;;1;L03578";871
Codigo de prestacion se encuentra fuera de los existentes;"A;L;8162;LBL012;;3;2013-01-17;0800100020006865;DNI;P;27808871;;;;;;;;;1;L03578";871
Codigo de prestacion se encuentra fuera de los existentes;"A;L;8162;LBL002;;3;2013-01-29;0800100020012902;DNI;P;35502915;;;;;;;;;1;L03578";871
Codigo de prestacion se encuentra fuera de los existentes;"A;L;8162;LBL002;;3;2013-01-29;0800100011025372;DNI;P;94766479;;;;;;;;;1;L03578";871
Codigo de prestacion se encuentra fuera de los existentes;"A;L;8162;LBL002;;3;2013-01-28;0800100013016564;DNI;P;33820301;;;;;;;;;1;L03578";871
Codigo de prestacion se encuentra fuera de los existentes;"A;L;8162;LBL002;;3;2013-01-25;0800100020000216;DNI;P;12851133;;;;;;;;;1;L03578";871
Codigo de prestacion se encuentra fuera de los existentes;"A;L;8162;LBL002;;3;2013-01-25;0800100011013182;DNI;P;21564701;;;;;;;;;1;L03578";871
Codigo de prestacion se encuentra fuera de los existentes;"A;L;8162;LBL002;;3;2013-01-24;0800100014003224;DNI;P;36255580;;;;;;;;;1;L03578";871
Codigo de prestacion se encuentra fuera de los existentes;"A;L;8162;LBL002;;3;2013-01-21;0800100020004014;DNI;P;24580855;;;;;;;;;1;L03578";871
Codigo de prestacion se encuentra fuera de los existentes;"A;L;8162;LBL002;;3;2013-01-18;0800100013009482;DNI;P;32561615;;;;;;;;;1;L03578";871
Codigo de prestacion se encuentra fuera de los existentes;"A;L;8162;LBL002;;3;2013-01-03;0800100020010910;DNI;P;32447066;;;;;;;;;1;L03578";871
Codigo de prestacion se encuentra fuera de los existentes;"A;L;8162;IGR022;;7;2013-01-29;0800100020013437;DNI;P;36436843;;;;;;;;;1;L03578";871
Registro ya informado o campo ORDEN mal generado;"A;L;6643;NPE37;;20;2012-12-28;0800100021105675;DNI;P;51109984;;;;;;;;;1;L00953";871
Registro ya informado o campo ORDEN mal generado;"A;L;6642;NPE37;;20;2012-11-12;0800100013006707;DNI;P;49334013;;;;;;;;;1;L00953";871
Registro ya informado o campo ORDEN mal generado;"A;L;6642;NPE37;;20;2012-11-07;0800100011024559;DNI;P;50488885;;;;;;;;;1;L00953";871
Registro ya informado o campo ORDEN mal generado;"A;L;6638;LMI49;17;4.5;2012-11-06;0800100011024435;DNI;P;32845157;;;;;;;;;1;L03911";871
Registro ya informado o campo ORDEN mal generado;"A;L;6638;LMI48;4;4;2012-11-06;0800100011024435;DNI;P;32845157;;;;;;;;;1;L03911";871
Registro ya informado o campo ORDEN mal generado;"A;L;6638;LMI47;15;3.5;2012-11-06;0800100011024435;DNI;P;32845157;;;;;;;;;1;L03911";871
Registro ya informado o campo ORDEN mal generado;"A;L;6638;LMI46;49;3;2012-11-10;0800100013015801;DNI;P;38527032;;;;;;;;;1;L03911";871
Registro ya informado o campo ORDEN mal generado;"A;L;6638;LMI46;32;3;2012-11-10;0800100013015801;DNI;P;38527032;;;;;;;;;1;L03911";871
Registro ya informado o campo ORDEN mal generado;"A;L;6630;LMI46;50;3;2012-11-21;0800100011022373;DNI;P;39700761;;;;;;;;;1;L09088";871
Registro ya informado o campo ORDEN mal generado;"A;L;6630;LMI46;45;3;2012-11-21;0800100011022373;DNI;P;39700761;;;;;;;;;1;L09088";871
Registro ya informado o campo ORDEN mal generado;"A;L;6630;LMI46;32;3;2012-11-21;0800100011022373;DNI;P;39700761;;;;;;;;;1;L09088";871
Registro ya informado o campo ORDEN mal generado;"A;L;6630;LMI46;12;3;2012-11-21;0800100011022373;DNI;P;39700761;;;;;;;;;1;L09088";871
Registro ya informado o campo ORDEN mal generado;"A;L;5538;RCM108;;20;2012-02-28;9999999999999999;DNI;C;99999999;;;;;;;;;1;L03924";871
 El valor 9999999999999999 para la clave de beneficiario solo es valida para practicas de comunidad;"A;L;6627;NPE32;;100;2012-11-16;9999999999999999;DNI;A;29148586;;;;;;;;;1;L03857";871
 El valor 9999999999999999 para la clave de beneficiario solo es valida para practicas de comunidad;"A;L;6627;NNE31;;10;2012-11-16;9999999999999999;DNI;A;29148586;;;;;;;;;1;L03857";871
 El valor 9999999999999999 para la clave de beneficiario solo es valida para practicas de comunidad;"A;L;6627;LMI75;;1;2012-11-16;9999999999999999;DNI;A;29148586;;;;;;;;;1;L03857";871
 El valor 9999999999999999 para la clave de beneficiario solo es valida para practicas de comunidad;"A;L;6627;LMI49;19;4.5;2012-11-16;9999999999999999;DNI;A;29148586;;;;;;;;;1;L03857";871
 El valor 9999999999999999 para la clave de beneficiario solo es valida para practicas de comunidad;"A;L;6627;LMI46;5;3;2012-11-16;9999999999999999;DNI;A;29148586;;;;;;;;;1;L03857";871
 El valor 9999999999999999 para la clave de beneficiario solo es valida para practicas de comunidad;"A;L;6627;LMI46;53;3;2012-11-16;9999999999999999;DNI;A;29148586;;;;;;;;;1;L03857";871
 El valor 9999999999999999 para la clave de beneficiario solo es valida para practicas de comunidad;"A;L;6627;LMI46;34;3;2012-11-16;9999999999999999;DNI;A;29148586;;;;;;;;;1;L03857";871
 El valor 9999999999999999 para la clave de beneficiario solo es valida para practicas de comunidad;"A;L;6627;LMI46;22;3;2012-11-16;9999999999999999;DNI;A;29148586;;;;;;;;;1;L03857";871
 El valor 9999999999999999 para la clave de beneficiario solo es valida para practicas de comunidad;"A;L;6627;LMI46;18;3;2012-11-16;9999999999999999;DNI;A;29148586;;;;;;;;;1;L03857";871
Codigo de prestacion se encuentra fuera de los existentes;"A;L;8139;CAW006Z99;;1;2013-01-16;0800100011024413;DNI;P;31128809;;;;;;;;;1;L00678";871
 El valor 9999999999999999 para la clave de beneficiario solo es valida para practicas de comunidad;"A;L;8123;DSY001A98;;40;2013-01-08;9999999999999999;DNI;C;99999999;;;;;;;;;1;L03929";871
Codigo de prestacion se encuentra fuera de los existentes;"A;L;8123;CTC015Z99;;20;2013-01-11;0800100013004661;DNI;P;48273918;;;;;;;;;1;L03929";871
 El valor 9999999999999999 para la clave de beneficiario solo es valida para practicas de comunidad;"A;L;8121;DSY001A98;;40;2013-01-22;9999999999999999;DNI;C;99999999;;;;;;;;;1;L03926";871
 El valor 9999999999999999 para la clave de beneficiario solo es valida para practicas de comunidad;"A;L;8117;DSY001A98;;40;2013-01-15;9999999999999999;DNI;C;99999999;;;;;;;;;1;L03923";871
 El valor 9999999999999999 para la clave de beneficiario solo es valida para practicas de comunidad;"A;L;8115;DSY001A98;;40;2013-01-18;9999999999999999;DNI;C;99999999;;;;;;;;;1;L03922";871
 El valor 9999999999999999 para la clave de beneficiario solo es valida para practicas de comunidad;"A;L;8111;DSY001A98;;40;2013-01-15;9999999999999999;DNI;C;99999999;;;;;;;;;1;L03925";871
 El valor 9999999999999999 para la clave de beneficiario solo es valida para practicas de comunidad;"A;L;8109;DSY001A98;;40;2013-01-18;9999999999999999;DNI;C;99999999;;;;;;;;;1;L10059";871
 El valor 9999999999999999 para la clave de beneficiario solo es valida para practicas de comunidad;"A;L;8105;DSY001A98;;40;2013-01-22;9999999999999999;DNI;C;99999999;;;;;;;;;1;L03928";871
 El valor 9999999999999999 para la clave de beneficiario solo es valida para practicas de comunidad;"A;L;8101;DSY001A98;;40;2013-01-18;9999999999999999;DNI;C;99999999;;;;;;;;;1;L03921";871
 El valor 9999999999999999 para la clave de beneficiario solo es valida para practicas de comunidad;"A;L;8097;DSY001A98;;40;2013-01-22;9999999999999999;DNI;C;99999999;;;;;;;;;1;L03927";871
 El valor 9999999999999999 para la clave de beneficiario solo es valida para practicas de comunidad;"A;L;8058;DSY001A98;;40;2013-01-15;9999999999999999;DNI;C;99999999;;;;;;;;;1;L03924";871
Codigo de prestacion se encuentra fuera de los existentes;"A;L;8044;LBL017;;3;2013-01-23;0800100014004714;DNI;P;51468275;;;;;;;;;1;L01515";871
 Fecha de prestacion invalida;"A;L;6628;NTN004Z35.0;;50;2013-11-20;0800100021108964;DEX;P;119323;;;;;;;;;1;L03578";871
Registro ya informado o campo ORDEN mal generado;"A;L;6272;MEM02;;200;2012-08-02;0800000000000363;DNI;P;36255755;;;;;;;;;2;L00953";871
Registro ya informado o campo ORDEN mal generado;"A;L;6272;MEM02;;200;2012-08-13;0800100013016227;DNI;P;34633545;;;;;;;;;2;L00953";871
Registro ya informado o campo ORDEN mal generado;"A;L;6272;NPE37;;20;2012-08-21;0800100011022654;DNI;P;51468320;;;;;;;;;2;L00953";871
Registro ya informado o campo ORDEN mal generado;"A;L;6272;NPE37;;20;2012-08-29;0800100013015489;DNI;A;34992112;;;;;;;;;2;L00953";871
Registro ya informado o campo ORDEN mal generado;"A;L;6272;NPE37;;20;2012-08-29;0800100014003673;DNI;P;50579275;;;;;;;;;2;L00953";871
Registro ya informado o campo ORDEN mal generado;"A;L;6272;NPE42C;;10;2012-08-21;0800100013015484;DNI;A;31903155;;;;;;;;;2;L00953";871
Registro ya informado o campo ORDEN mal generado;"A;L;6272;NPE42C;;10;2012-08-27;0800100013016235;DNI;P;52282205;;;;;;;;;2;L00953";871
Registro ya informado o campo ORDEN mal generado;"A;L;6240;LMI46;1;3;2012-09-26;0800100011008299;DNI;P;48489573;;;;;;;;;11;L03930";871
Registro ya informado o campo ORDEN mal generado;"A;L;6181;NPE37;;20;2012-11-19;0800100011014688;DNI;P;50343588;;;;;;;;;2;L09975";871
Registro ya informado o campo ORDEN mal generado;"A;L;6181;NPE37;;20;2012-11-30;0800100013014967;DNI;P;50579202;;;;;;;;;2;L09975";871
Registro ya informado o campo ORDEN mal generado;"A;L;6122;NPE32;;100;2012-09-17;0800100013015019;DNI;P;52046907;;;;;;;;;2;L03875";871
Registro ya informado o campo ORDEN mal generado;"A;L;5630;RPE87;;200;2012-04-03;0800100011013459;DNI;P;46788337;;;;;;;;;1;L04003";871
Registro ya informado o campo ORDEN mal generado;"A;L;5356;LMI46;45;3;2012-01-04;0800100011022839;DNI;P;38881282;;;;;;;;;1;L03901";871
Registro ya informado o campo ORDEN mal generado;"A;L;5356;LMI46;30;3;2012-01-04;0800100011022839;DNI;P;38881282;;;;;;;;;1;L03901";871
 El valor 9999999999999999 para la clave de beneficiario solo es valida para practicas de comunidad;"A;L;5216;RPE87;;80;2012-01-13;9999999999999999;DNI;P;49884534;;;;;;;;;1;L03897";871
 El valor 9999999999999999 para la clave de beneficiario solo es valida para practicas de comunidad;"A;L;5139;TMI71;;20;2012-01-04;9999999999999999;DNI;P;37440380;;;;;;;;;1;L04025";871
 El valor 9999999999999999 para la clave de beneficiario solo es valida para practicas de comunidad;"A;L;5139;NPE40;;10;2012-01-05;9999999999999999;DNI;P;47243258;;;;;;;;;1;L04025";871
 El valor 9999999999999999 para la clave de beneficiario solo es valida para practicas de comunidad;"A;L;5139;NPE37;;10;2012-01-23;9999999999999999;DNI;P;50006883;;;;;;;;;2;L04025";871
 El valor 9999999999999999 para la clave de beneficiario solo es valida para practicas de comunidad;"A;L;5139;NPE37;;10;2012-01-23;9999999999999999;DNI;P;50006883;;;;;;;;;1;L04025";871
 El valor 9999999999999999 para la clave de beneficiario solo es valida para practicas de comunidad;"A;L;5139;MPU21;;20;2012-01-11;9999999999999999;DNI;P;32972870;;;;;;;;;1;L04025";871
 El valor 9999999999999999 para la clave de beneficiario solo es valida para practicas de comunidad;"A;L;5139;MPA17;;300;2012-01-25;9999999999999999;DNI;P;33438626;;;;;;;;;1;L04025";871
 El valor 9999999999999999 para la clave de beneficiario solo es valida para practicas de comunidad;"A;L;5139;MEM04;;10;2012-01-19;9999999999999999;DNI;P;31869696;;;;;;;;;1;L04025";871
 El valor 9999999999999999 para la clave de beneficiario solo es valida para practicas de comunidad;"A;L;5139;MEM04;;10;2012-01-17;9999999999999999;DNI;P;24707000;;;;;;;;;1;L04025";871
 El valor 9999999999999999 para la clave de beneficiario solo es valida para practicas de comunidad;"A;L;5139;MEM04;;10;2012-01-04;9999999999999999;DNI;P;33966341;;;;;;;;;1;L04025";871
 El valor 9999999999999999 para la clave de beneficiario solo es valida para practicas de comunidad;"A;L;5139;MEM02;;100;2012-01-19;9999999999999999;DNI;P;31869696;;;;;;;;;1;L04025";871
 El valor 9999999999999999 para la clave de beneficiario solo es valida para practicas de comunidad;"A;L;5139;MEM02;;60;2012-01-17;9999999999999999;DNI;P;24707000;;;;;;;;;1;L04025";871
 El valor 9999999999999999 para la clave de beneficiario solo es valida para practicas de comunidad;"A;L;5139;MEM02;;100;2012-01-04;9999999999999999;DNI;P;33966341;;;;;;;;;1;L04025";871
Registro ya informado o campo ORDEN mal generado;"A;L;5363;LMI46;1;3;2012-04-26;0800100012000747;DNI;P;47212637;;;;;;;;;1;L03944";871
Registro ya informado o campo ORDEN mal generado;"A;L;5363;LMI46;1;3;2012-04-26;0800100012000747;DNI;P;47212637;;;;;;;;;1;L03944";871
Registro ya informado o campo ORDEN mal generado;"A;L;5363;LMI46;1;3;2012-04-26;0800100012000747;DNI;P;47212637;;;;;;;;;1;L03944";871
Registro ya informado o campo ORDEN mal generado;"A;L;5363;LMI46;1;3;2012-04-26;0800100012000747;DNI;P;47212637;;;;;;;;;1;L03944";871
Registro ya informado o campo ORDEN mal generado;"A;L;5363;LMI46;1;3;2012-04-26;0800100012000747;DNI;P;47212637;;;;;;;;;1;L03944";871
Registro ya informado o campo ORDEN mal generado;"A;L;5363;LMI46;1;3;2012-04-18;0800100011021829;DNI;P;34417358;;;;;;;;;1;L03944";871
Registro ya informado o campo ORDEN mal generado;"A;L;5363;LMI46;1;3;2012-04-18;0800100011021829;DNI;P;34417358;;;;;;;;;1;L03944";871
Registro ya informado o campo ORDEN mal generado;"A;L;5363;LMI46;1;3;2012-04-18;0800100011021829;DNI;P;34417358;;;;;;;;;1;L03944";871
Registro ya informado o campo ORDEN mal generado;"A;L;5363;LMI46;1;3;2012-04-18;0800100011021829;DNI;P;34417358;;;;;;;;;1;L03944";871
Registro ya informado o campo ORDEN mal generado;"A;L;5363;LMI46;1;3;2012-04-18;0800100011021829;DNI;P;34417358;;;;;;;;;1;L03944";871
Registro ya informado o campo ORDEN mal generado;"A;L;5363;LMI46;1;3;2012-04-18;0800100011021829;DNI;P;34417358;;;;;;;;;1;L03944";871
Registro ya informado o campo ORDEN mal generado;"A;L;5363;LMI46;1;3;2012-04-25;0800100011007387;DNI;P;48557306;;;;;;;;;1;L03944";871
Registro ya informado o campo ORDEN mal generado;"A;L;5363;LMI46;1;3;2012-04-25;0800100011007387;DNI;P;48557306;;;;;;;;;1;L03944";871
Registro ya informado o campo ORDEN mal generado;"A;L;5363;LMI46;1;3;2012-04-25;0800100011007387;DNI;P;48557306;;;;;;;;;1;L03944";871
Registro ya informado o campo ORDEN mal generado;"A;L;5363;LMI46;1;3;2012-04-25;0800100011007387;DNI;P;48557306;;;;;;;;;1;L03944";871
Registro ya informado o campo ORDEN mal generado;"A;L;5363;LMI46;1;3;2012-04-25;0800100011007387;DNI;P;48557306;;;;;;;;;1;L03944";871
Registro ya informado o campo ORDEN mal generado;"A;L;5363;LMI46;1;3;2012-04-26;0800100013009950;DNI;P;50087835;;;;;;;;;1;L03944";871
Registro ya informado o campo ORDEN mal generado;"A;L;5363;LMI46;1;3;2012-04-26;0800100013009950;DNI;P;50087835;;;;;;;;;1;L03944";871
Registro ya informado o campo ORDEN mal generado;"A;L;5363;LMI46;1;3;2012-04-26;0800100013009950;DNI;P;50087835;;;;;;;;;1;L03944";871
Registro ya informado o campo ORDEN mal generado;"A;L;5363;LMI46;1;3;2012-04-26;0800100013009950;DNI;P;50087835;;;;;;;;;1;L03944";871
Registro ya informado o campo ORDEN mal generado;"A;L;5362;LMI47;1;3.5;2012-03-08;0800100011020969;DNI;P;34724549;;;;;;;;;1;L03944";871
Registro ya informado o campo ORDEN mal generado;"A;L;5362;LMI47;1;3.5;2012-03-08;0800100011020969;DNI;P;34724549;;;;;;;;;1;L03944";871
Registro ya informado o campo ORDEN mal generado;"A;L;5362;LMI47;1;3.5;2012-03-08;0800100011020969;DNI;P;34724549;;;;;;;;;1;L03944";871
Registro ya informado o campo ORDEN mal generado;"A;L;5362;LMI47;1;3.5;2012-03-08;0800100011020969;DNI;P;34724549;;;;;;;;;1;L03944";871
Registro ya informado o campo ORDEN mal generado;"A;L;5362;LMI46;1;3;2012-03-25;0800100011012072;DNI;P;49779949;;;;;;;;;1;L03944";871
Registro ya informado o campo ORDEN mal generado;"A;L;5362;LMI46;1;3;2012-03-25;0800100011012072;DNI;P;49779949;;;;;;;;;1;L03944";871
Registro ya informado o campo ORDEN mal generado;"A;L;5362;LMI46;1;3;2012-03-22;0800100013002320;DNI;P;48153940;;;;;;;;;1;L03944";871
Registro ya informado o campo ORDEN mal generado;"A;L;5362;LMI46;1;3;2012-03-22;0800100013002320;DNI;P;48153940;;;;;;;;;1;L03944";871
Registro ya informado o campo ORDEN mal generado;"A;L;5362;LMI46;1;3;2012-03-22;0800100013002320;DNI;P;48153940;;;;;;;;;1;L03944";871
Registro ya informado o campo ORDEN mal generado;"A;L;5362;LMI46;1;3;2012-03-08;0800100011020969;DNI;P;34724549;;;;;;;;;1;L03944";871
Registro ya informado o campo ORDEN mal generado;"A;L;5362;LMI46;1;3;2012-03-08;0800100011020969;DNI;P;34724549;;;;;;;;;1;L03944";871
Registro ya informado o campo ORDEN mal generado;"A;L;5362;LMI46;1;3;2012-03-08;0800100011020969;DNI;P;34724549;;;;;;;;;1;L03944";871
Registro ya informado o campo ORDEN mal generado;"A;L;5362;LMI46;1;3;2012-03-08;0800100011020969;DNI;P;34724549;;;;;;;;;1;L03944";871
Registro ya informado o campo ORDEN mal generado;"A;L;5362;LMI46;1;3;2012-03-08;0800100011020969;DNI;P;34724549;;;;;;;;;1;L03944";871
Registro ya informado o campo ORDEN mal generado;"A;L;5362;LMI46;1;3;2012-03-08;0800100011020969;DNI;P;34724549;;;;;;;;;1;L03944";871
Registro ya informado o campo ORDEN mal generado;"A;L;5362;LMI46;1;3;2012-03-07;0800100014002753;DNI;A;31771392;;;;;;;;;1;L03944";871
Registro ya informado o campo ORDEN mal generado;"A;L;5362;LMI46;1;3;2012-03-07;0800100014002753;DNI;A;31771392;;;;;;;;;1;L03944";871
Registro ya informado o campo ORDEN mal generado;"A;L;5362;LMI46;1;3;2012-03-07;0800100014002753;DNI;A;31771392;;;;;;;;;1;L03944";871
Registro ya informado o campo ORDEN mal generado;"A;L;5362;LMI46;1;3;2012-03-28;0800100001014831;DNI;P;50167828;;;;;;;;;1;L03944";871
Registro ya informado o campo ORDEN mal generado;"A;L;5362;LMI46;1;3;2012-03-28;0800100001014831;DNI;P;50167828;;;;;;;;;1;L03944";871
Registro ya informado o campo ORDEN mal generado;"A;L;5362;LMI46;1;3;2012-03-28;0800100001014831;DNI;P;50167828;;;;;;;;;1;L03944";871
Registro ya informado o campo ORDEN mal generado;"A;L;5362;LMI46;1;3;2012-03-22;0800100013014968;DNI;P;52046766;;;;;;;;;1;L03944";871
Registro ya informado o campo ORDEN mal generado;"A;L;5362;LMI46;1;3;2012-03-22;0800100013014968;DNI;P;52046766;;;;;;;;;1;L03944";871
Registro ya informado o campo ORDEN mal generado;"A;L;5362;LMI46;1;3;2012-03-22;0800100013014968;DNI;P;52046766;;;;;;;;;1;L03944";871
Registro ya informado o campo ORDEN mal generado;"A;L;5362;LMI46;1;3;2012-03-22;0800100013014968;DNI;P;52046766;;;;;;;;;1;L03944";871
Registro ya informado o campo ORDEN mal generado;"A;L;5362;LMI46;1;3;2012-03-22;0800100013014968;DNI;P;52046766;;;;;;;;;1;L03944";871
Registro ya informado o campo ORDEN mal generado;"A;L;5331;LMI47;1;3.5;2012-04-23;0800100013014718;DNI;P;25603884;;;;;;;;;1;L03040";871
Registro ya informado o campo ORDEN mal generado;"A;L;5331;LMI47;1;3.5;2012-04-23;0800100013014718;DNI;P;25603884;;;;;;;;;1;L03040";871
Registro ya informado o campo ORDEN mal generado;"A;L;5331;LMI46;1;3;2012-04-23;0800100013014718;DNI;P;25603884;;;;;;;;;1;L03040";871
Registro ya informado o campo ORDEN mal generado;"A;L;5331;LMI46;1;3;2012-04-23;0800100013014718;DNI;P;25603884;;;;;;;;;1;L03040";871
Registro ya informado o campo ORDEN mal generado;"A;L;5331;LMI46;1;3;2012-04-23;0800100013014718;DNI;P;25603884;;;;;;;;;1;L03040";871
Registro ya informado o campo ORDEN mal generado;"A;L;5331;LMI46;1;3;2012-04-23;0800100013014718;DNI;P;25603884;;;;;;;;;1;L03040";871
Registro ya informado o campo ORDEN mal generado;"A;L;5331;LMI46;1;3;2012-04-16;0800100001016423;DNI;P;47045476;;;;;;;;;1;L03040";871
Registro ya informado o campo ORDEN mal generado;"A;L;5331;LMI46;1;3;2012-04-16;0800100001016423;DNI;P;47045476;;;;;;;;;1;L03040";871
Registro ya informado o campo ORDEN mal generado;"A;L;5331;LMI46;1;3;2012-04-16;0800100001016423;DNI;P;47045476;;;;;;;;;1;L03040";871
 El valor 9999999999999999 para la clave de beneficiario solo es valida para practicas de comunidad;"A;L;5320;NPE37;;10;2012-01-16;9999999999999999;DNI;P;0;;;;;;;;;1;L04081";871
Registro ya informado o campo ORDEN mal generado;"A;L;5199;LMI47;1;3.5;2012-02-14;0800100011023813;DNI;P;34890858;;;;;;;;;1;L03040";871
Registro ya informado o campo ORDEN mal generado;"A;L;5199;LMI47;1;3.5;2012-02-14;0800100011023813;DNI;P;34890858;;;;;;;;;1;L03040";871
Registro ya informado o campo ORDEN mal generado;"A;L;5199;LMI47;1;3.5;2012-02-14;0800100011023813;DNI;P;34890858;;;;;;;;;1;L03040";871
Registro ya informado o campo ORDEN mal generado;"A;L;5199;LMI46;1;3;2012-02-20;0800100011022333;DNI;P;32624823;;;;;;;;;1;L03040";871
Registro ya informado o campo ORDEN mal generado;"A;L;5199;LMI46;1;3;2012-02-20;0800100011022333;DNI;P;32624823;;;;;;;;;1;L03040";871
Registro ya informado o campo ORDEN mal generado;"A;L;5199;LMI46;1;3;2012-02-20;0800100011022333;DNI;P;32624823;;;;;;;;;1;L03040";871
Registro ya informado o campo ORDEN mal generado;"A;L;5199;LMI46;1;3;2012-02-20;0800100011022333;DNI;P;32624823;;;;;;;;;1;L03040";871
Registro ya informado o campo ORDEN mal generado;"A;L;5199;LMI46;1;3;2012-02-20;0800100011022333;DNI;P;32624823;;;;;;;;;1;L03040";871
Registro ya informado o campo ORDEN mal generado;"A;L;5199;LMI46;1;3;2012-02-14;0800100011023813;DNI;P;34890858;;;;;;;;;1;L03040";871
Registro ya informado o campo ORDEN mal generado;"A;L;5199;LMI46;1;3;2012-02-14;0800100011023813;DNI;P;34890858;;;;;;;;;1;L03040";871
Registro ya informado o campo ORDEN mal generado;"A;L;5199;LMI46;1;3;2012-02-14;0800100011023813;DNI;P;34890858;;;;;;;;;1;L03040";871
Registro ya informado o campo ORDEN mal generado;"A;L;5199;LMI46;1;3;2012-02-14;0800100011023813;DNI;P;34890858;;;;;;;;;1;L03040";871
Registro ya informado o campo ORDEN mal generado;"A;L;5199;LMI46;1;3;2012-02-28;0800100011009179;DNI;P;48624145;;;;;;;;;1;L03040";871
Registro ya informado o campo ORDEN mal generado;"A;L;5199;LMI46;1;3;2012-02-28;0800100011009179;DNI;P;48624145;;;;;;;;;1;L03040";871
Registro ya informado o campo ORDEN mal generado;"A;L;4957;NPE35;;20;2012-01-23;0800100013000501;DNI;P;47771137;;;;;;;;;1;L00678";871
Registro ya informado o campo ORDEN mal generado;"A;L;4957;NPE33;;40;2012-01-31;0800100013009091;DNI;P;50007070;;;;;;;;;1;L00678";871
Registro ya informado o campo ORDEN mal generado;"A;L;4942;NPE37;;10;2012-01-16;0800100014003704;DNI;P;36855081;;;;;;;;;1;L03874";871
Registro ya informado o campo ORDEN mal generado;"A;L;4942;NPE33;;40;2012-01-05;0800100014002097;DNI;P;50446990;;;;;;;;;1;L03874";871
Registro ya informado o campo ORDEN mal generado;"A;L;4942;CMI67;;10;2012-01-20;9999999999999999;COM;C;0;;;;;;;;;1;L03874";871
Registro ya informado o campo ORDEN mal generado;"A;L;4942;CMI67;;10;2012-01-13;9999999999999999;COM;C;0;;;;;;;;;1;L03874";871
Codigo de prestacion se encuentra fuera de los existentes;"A;L;8162;LBL131;;3;2013-01-24;0800100013016246;DNI;P;38648020;;;;;;;;;1;L03578";871
Codigo de prestacion se encuentra fuera de los existentes;"A;L;8162;LBL131;;3;2013-01-18;0800100013009482;DNI;P;32561615;;;;;;;;;1;L03578";871
Codigo de prestacion se encuentra fuera de los existentes;"A;L;8162;LBL131;;3;2013-01-17;0800100014002395;DNI;P;34887252;;;;;;;;;1;L03578";871
Codigo de prestacion se encuentra fuera de los existentes;"A;L;8162;LBL131;;3;2013-01-16;0800100013016243;DNI;P;23352997;;;;;;;;;1;L03578";871
Codigo de prestacion se encuentra fuera de los existentes;"A;L;8162;LBL131;;3;2013-01-03;0800100014000212;DNI;P;26858220;;;;;;;;;2;L03578";871
Codigo de prestacion se encuentra fuera de los existentes;"A;L;8162;LBL131;;3;2013-01-03;0800100014000212;DNI;P;26858220;;;;;;;;;1;L03578";871
Codigo de prestacion se encuentra fuera de los existentes;"A;L;8162;LBL121;;4.5;2013-01-30;0800100020002541;DNI;P;22271490;;;;;;;;;1;L03578";871
Codigo de prestacion se encuentra fuera de los existentes;"A;L;8162;LBL121;;4.5;2013-01-29;0800100020012902;DNI;P;35502915;;;;;;;;;1;L03578";871
Codigo de prestacion se encuentra fuera de los existentes;"A;L;8162;LBL121;;4.5;2013-01-29;0800100011025372;DNI;P;94766479;;;;;;;;;1;L03578";871
Codigo de prestacion se encuentra fuera de los existentes;"A;L;8162;LBL121;;4.5;2013-01-25;0800100011008952;DNI;P;34774211;;;;;;;;;1;L03578";871
Codigo de prestacion se encuentra fuera de los existentes;"A;L;8162;LBL121;;4.5;2013-01-24;0800100011017064;DNI;P;25425778;;;;;;;;;1;L03578";871
Codigo de prestacion se encuentra fuera de los existentes;"A;L;8162;LBL121;;4.5;2013-01-21;0800100021107208;DNI;P;37319186;;;;;;;;;1;L03578";871
Codigo de prestacion se encuentra fuera de los existentes;"A;L;8162;LBL121;;4.5;2013-01-17;0800100020006865;DNI;P;27808871;;;;;;;;;1;L03578";871
Codigo de prestacion se encuentra fuera de los existentes;"A;L;8162;LBL121;;4.5;2013-01-17;0800100014002395;DNI;P;34887252;;;;;;;;;2;L03578";871
Codigo de prestacion se encuentra fuera de los existentes;"A;L;8162;LBL121;;4.5;2013-01-17;0800100014002395;DNI;P;34887252;;;;;;;;;1;L03578";871
Codigo de prestacion se encuentra fuera de los existentes;"A;L;8162;LBL121;;4.5;2013-01-16;0800100013016243;DNI;P;23352997;;;;;;;;;1;L03578";871
Codigo de prestacion se encuentra fuera de los existentes;"A;L;8162;LBL121;;4.5;2013-01-16;0800100011024975;DNI;P;93041561;;;;;;;;;1;L03578";871
Codigo de prestacion se encuentra fuera de los existentes;"A;L;8162;LBL121;;4.5;2013-01-07;0800100014006451;DNI;P;29436644;;;;;;;;;1;L03578";871
Codigo de prestacion se encuentra fuera de los existentes;"A;L;8162;LBL119;;3.5;2013-01-30;0800100020002541;DNI;P;22271490;;;;;;;;;1;L03578";871
Codigo de prestacion se encuentra fuera de los existentes;"A;L;8162;LBL119;;3.5;2013-01-29;0800100020012902;DNI;P;35502915;;;;;;;;;1;L03578";871
Codigo de prestacion se encuentra fuera de los existentes;"A;L;8162;LBL119;;3.5;2013-01-29;0800100011025372;DNI;P;94766479;;;;;;;;;1;L03578";871
Codigo de prestacion se encuentra fuera de los existentes;"A;L;8162;LBL119;;3.5;2013-01-28;0800100013016564;DNI;P;33820301;;;;;;;;;1;L03578";871
Codigo de prestacion se encuentra fuera de los existentes;"A;L;8162;LBL119;;3.5;2013-01-25;0800100011008952;DNI;P;34774211;;;;;;;;;1;L03578";871
Codigo de prestacion se encuentra fuera de los existentes;"A;L;8162;LBL119;;3.5;2013-01-25;0800100005002020;DNI;P;46176777;;;;;;;;;1;L03578";871
Codigo de prestacion se encuentra fuera de los existentes;"A;L;8162;LBL119;;3.5;2013-01-24;0800100011017064;DNI;P;25425778;;;;;;;;;1;L03578";871
Codigo de prestacion se encuentra fuera de los existentes;"A;L;8162;LBL119;;3.5;2013-01-21;0800100021107208;DNI;P;37319186;;;;;;;;;1;L03578";871
Codigo de prestacion se encuentra fuera de los existentes;"A;L;8162;LBL119;;3.5;2013-01-17;0800100020006865;DNI;P;27808871;;;;;;;;;1;L03578";871
Codigo de prestacion se encuentra fuera de los existentes;"A;L;8162;LBL119;;3.5;2013-01-17;0800100014002395;DNI;P;34887252;;;;;;;;;1;L03578";871
Codigo de prestacion se encuentra fuera de los existentes;"A;L;8162;LBL119;;3.5;2013-01-16;0800100013016243;DNI;P;23352997;;;;;;;;;1;L03578";871
Codigo de prestacion se encuentra fuera de los existentes;"A;L;8162;LBL119;;3.5;2013-01-16;0800100011024975;DNI;P;93041561;;;;;;;;;1;L03578";871
Codigo de prestacion se encuentra fuera de los existentes;"A;L;8162;LBL119;;3.5;2013-01-07;0800100014006451;DNI;P;29436644;;;;;;;;;1;L03578";871
Codigo de prestacion se encuentra fuera de los existentes;"A;L;8162;LBL117;;3;2013-01-30;0800100011003438;DNI;P;48272864;;;;;;;;;1;L03578";871
Codigo de prestacion se encuentra fuera de los existentes;"A;L;8162;LBL117;;3;2013-01-29;0800100020002295;DNI;P;21866584;;;;;;;;;1;L03578";871
Codigo de prestacion se encuentra fuera de los existentes;"A;L;8162;LBL117;;3;2013-01-29;0800100013014864;DNI;P;37496071;;;;;;;;;1;L03578";871
Codigo de prestacion se encuentra fuera de los existentes;"A;L;8162;LBL117;;3;2013-01-29;0800100011025372;DNI;P;94766479;;;;;;;;;1;L03578";871
Codigo de prestacion se encuentra fuera de los existentes;"A;L;8162;LBL117;;3;2013-01-29;0800100011016367;DNI;P;26253238;;;;;;;;;1;L03578";871
Codigo de prestacion se encuentra fuera de los existentes;"A;L;8162;LBL117;;3;2013-01-29;0800100011014684;DNI;P;50343322;;;;;;;;;1;L03578";871
Codigo de prestacion se encuentra fuera de los existentes;"A;L;8162;LBL117;;3;2013-01-29;0800100007000833;DNI;P;46536270;;;;;;;;;1;L03578";871
Codigo de prestacion se encuentra fuera de los existentes;"A;L;8162;LBL117;;3;2013-01-28;0800100021106944;DNI;P;29196953;;;;;;;;;1;L03578";871
Codigo de prestacion se encuentra fuera de los existentes;"A;L;8162;LBL117;;3;2013-01-25;0800100020030140;DNI;P;94103619;;;;;;;;;1;L03578";871
Codigo de prestacion se encuentra fuera de los existentes;"A;L;8162;LBL117;;3;2013-01-25;0800100020000216;DNI;P;12851133;;;;;;;;;1;L03578";871
Codigo de prestacion se encuentra fuera de los existentes;"A;L;8162;LBL117;;3;2013-01-25;0800100011013182;DNI;P;21564701;;;;;;;;;1;L03578";871
Codigo de prestacion se encuentra fuera de los existentes;"A;L;8162;LBL117;;3;2013-01-25;0800100011001651;DNI;P;48213989;;;;;;;;;1;L03578";871
Codigo de prestacion se encuentra fuera de los existentes;"A;L;8162;LBL117;;3;2013-01-25;0800100005002020;DNI;P;46176777;;;;;;;;;1;L03578";871
Codigo de prestacion se encuentra fuera de los existentes;"A;L;8162;LBL117;;3;2013-01-24;0800100020022058;DNI;P;40820953;;;;;;;;;1;L03578";871
Codigo de prestacion se encuentra fuera de los existentes;"A;L;8162;LBL117;;3;2013-01-24;0800100014003224;DNI;P;36255580;;;;;;;;;1;L03578";871
Codigo de prestacion se encuentra fuera de los existentes;"A;L;8162;LBL117;;3;2013-01-24;0800100013016246;DNI;P;38648020;;;;;;;;;1;L03578";871
Codigo de prestacion se encuentra fuera de los existentes;"A;L;8162;LBL117;;3;2013-01-24;0800100013012708;DNI;P;50343933;;;;;;;;;1;L03578";871
Codigo de prestacion se encuentra fuera de los existentes;"A;L;8162;LBL117;;3;2013-01-24;0800100011017064;DNI;P;25425778;;;;;;;;;1;L03578";871
Codigo de prestacion se encuentra fuera de los existentes;"A;L;8162;LBL117;;3;2013-01-22;0800100020009118;DNI;P;30244820;;;;;;;;;1;L03578";871
Codigo de prestacion se encuentra fuera de los existentes;"A;L;8162;LBL117;;3;2013-01-22;0800100020007128;DNI;P;28087338;;;;;;;;;1;L03578";871
Codigo de prestacion se encuentra fuera de los existentes;"A;L;8162;LBL117;;3;2013-01-21;0800100021107208;DNI;P;37319186;;;;;;;;;1;L03578";871
Codigo de prestacion se encuentra fuera de los existentes;"A;L;8162;LBL117;;3;2013-01-21;0800100020004014;DNI;P;24580855;;;;;;;;;1;L03578";871
Codigo de prestacion se encuentra fuera de los existentes;"A;L;8162;LBL117;;3;2013-01-18;0800100020015912;DNI;P;37653839;;;;;;;;;1;L03578";871
Codigo de prestacion se encuentra fuera de los existentes;"A;L;8162;LBL117;;3;2013-01-18;0800100013009482;DNI;P;32561615;;;;;;;;;1;L03578";871
Codigo de prestacion se encuentra fuera de los existentes;"A;L;8162;LBL117;;3;2013-01-18;0800100011000854;DNI;P;18187961;;;;;;;;;1;L03578";871
Codigo de prestacion se encuentra fuera de los existentes;"A;L;8162;LBL117;;3;2013-01-17;0800100020007924;DNI;P;28896967;;;;;;;;;1;L03578";871
Codigo de prestacion se encuentra fuera de los existentes;"A;L;8162;LBL117;;3;2013-01-17;0800100020006865;DNI;P;27808871;;;;;;;;;1;L03578";871
Codigo de prestacion se encuentra fuera de los existentes;"A;L;8162;LBL117;;3;2013-01-17;0800100020006684;DNI;P;27515275;;;;;;;;;1;L03578";871
Codigo de prestacion se encuentra fuera de los existentes;"A;L;8162;LBL117;;3;2013-01-16;0800100013016243;DNI;P;23352997;;;;;;;;;1;L03578";871
Codigo de prestacion se encuentra fuera de los existentes;"A;L;8162;LBL117;;3;2013-01-16;0800100011024975;DNI;P;93041561;;;;;;;;;1;L03578";871
Codigo de prestacion se encuentra fuera de los existentes;"A;L;8162;LBL117;;3;2013-01-15;0800100020006558;DNI;P;27451243;;;;;;;;;1;L03578";871
Codigo de prestacion se encuentra fuera de los existentes;"A;L;8162;LBL117;;3;2013-01-15;0800100013001160;DNI;P;30920799;;;;;;;;;1;L03578";871
Codigo de prestacion se encuentra fuera de los existentes;"A;L;8162;LBL117;;3;2013-01-15;0800100001001468;DNI;P;46870176;;;;;;;;;1;L03578";871
Codigo de prestacion se encuentra fuera de los existentes;"A;L;8162;LBL117;;3;2013-01-07;0800100020004004;DNI;P;24579965;;;;;;;;;1;L03578";871
Codigo de prestacion se encuentra fuera de los existentes;"A;L;8162;LBL117;;3;2013-01-07;0800100014006451;DNI;P;29436644;;;;;;;;;1;L03578";871
Codigo de prestacion se encuentra fuera de los existentes;"A;L;8162;LBL117;;3;2013-01-07;0800100006001554;DNI;P;46386091;;;;;;;;;1;L03578";871
Codigo de prestacion se encuentra fuera de los existentes;"A;L;8162;LBL117;;3;2013-01-03;0800100014000212;DNI;P;26858220;;;;;;;;;1;L03578";871
Codigo de prestacion se encuentra fuera de los existentes;"A;L;8162;LBL117;;3;2013-01-03;0800100011024091;DNI;P;29106270;;;;;;;;;1;L03578";871
Codigo de prestacion se encuentra fuera de los existentes;"A;L;8162;LBL117;;3;2013-01-03;0800100011022942;DNI;P;52046024;;;;;;;;;1;L03578";871
Codigo de prestacion se encuentra fuera de los existentes;"A;L;8162;LBL117;;3;2013-01-03;0800100001015616;DNI;P;48407400;;;;;;;;;1;L03578";871
Codigo de prestacion se encuentra fuera de los existentes;"A;L;8162;LBL114;;3;2013-01-29;0800100020002295;DNI;P;21866584;;;;;;;;;1;L03578";871
Codigo de prestacion se encuentra fuera de los existentes;"A;L;8162;LBL114;;3;2013-01-29;0800100011016367;DNI;P;26253238;;;;;;;;;1;L03578";871
Codigo de prestacion se encuentra fuera de los existentes;"A;L;8162;LBL114;;3;2013-01-25;0800100020030140;DNI;P;94103619;;;;;;;;;1;L03578";871
Codigo de prestacion se encuentra fuera de los existentes;"A;L;8162;LBL114;;3;2013-01-25;0800100020000216;DNI;P;12851133;;;;;;;;;1;L03578";871
Codigo de prestacion se encuentra fuera de los existentes;"A;L;8162;LBL114;;3;2013-01-17;0800100020006684;DNI;P;27515275;;;;;;;;;1;L03578";871
Codigo de prestacion se encuentra fuera de los existentes;"A;L;8162;LBL114;;3;2013-01-15;0800100020006558;DNI;P;27451243;;;;;;;;;1;L03578";871
Codigo de prestacion se encuentra fuera de los existentes;"A;L;8162;LBL114;;3;2013-01-07;0800100020004004;DNI;P;24579965;;;;;;;;;1;L03578";871
Codigo de prestacion se encuentra fuera de los existentes;"A;L;8162;LBL110;;4.5;2013-01-29;0800100020012902;DNI;P;35502915;;;;;;;;;1;L03578";871
Codigo de prestacion se encuentra fuera de los existentes;"A;L;8162;LBL110;;4.5;2013-01-29;0800100011025372;DNI;P;94766479;;;;;;;;;1;L03578";871
Codigo de prestacion se encuentra fuera de los existentes;"A;L;8162;LBL110;;4.5;2013-01-28;0800100013016564;DNI;P;33820301;;;;;;;;;1;L03578";871
Codigo de prestacion se encuentra fuera de los existentes;"A;L;8162;LBL110;;4.5;2013-01-25;0800100011008952;DNI;P;34774211;;;;;;;;;1;L03578";871
Codigo de prestacion se encuentra fuera de los existentes;"A;L;8162;LBL110;;4.5;2013-01-25;0800100005002020;DNI;P;46176777;;;;;;;;;1;L03578";871
Codigo de prestacion se encuentra fuera de los existentes;"A;L;8162;LBL110;;4.5;2013-01-24;0800100011017064;DNI;P;25425778;;;;;;;;;1;L03578";871
Codigo de prestacion se encuentra fuera de los existentes;"A;L;8162;LBL110;;4.5;2013-01-23;0800100021104888;DNI;P;37416559;;;;;;;;;1;L03578";871
Codigo de prestacion se encuentra fuera de los existentes;"A;L;8162;LBL110;;4.5;2013-01-21;0800100021107208;DNI;P;37319186;;;;;;;;;1;L03578";871
Codigo de prestacion se encuentra fuera de los existentes;"A;L;8162;LBL110;;4.5;2013-01-17;0800100020006865;DNI;P;27808871;;;;;;;;;1;L03578";871
Codigo de prestacion se encuentra fuera de los existentes;"A;L;8162;LBL110;;4.5;2013-01-17;0800100014002395;DNI;P;34887252;;;;;;;;;1;L03578";871
Codigo de prestacion se encuentra fuera de los existentes;"A;L;8162;LBL110;;4.5;2013-01-16;0800100013016243;DNI;P;23352997;;;;;;;;;1;L03578";871
Codigo de prestacion se encuentra fuera de los existentes;"A;L;8162;LBL110;;4.5;2013-01-16;0800100011024975;DNI;P;93041561;;;;;;;;;1;L03578";871
Codigo de prestacion se encuentra fuera de los existentes;"A;L;8162;LBL110;;4.5;2013-01-07;0800100014006451;DNI;P;29436644;;;;;;;;;1;L03578";871
Codigo de prestacion se encuentra fuera de los existentes;"A;L;8162;LBL099;;3.5;2013-01-29;0800100011025372;DNI;P;94766479;;;;;;;;;1;L03578";871
Codigo de prestacion se encuentra fuera de los existentes;"A;L;8162;LBL099;;3.5;2013-01-29;0800100011016367;DNI;P;26253238;;;;;;;;;1;L03578";871
Codigo de prestacion se encuentra fuera de los existentes;"A;L;8162;LBL099;;3.5;2013-01-25;0800100011008952;DNI;P;34774211;;;;;;;;;1;L03578";871
Codigo de prestacion se encuentra fuera de los existentes;"A;L;8162;LBL099;;3.5;2013-01-25;0800100005002020;DNI;P;46176777;;;;;;;;;1;L03578";871
Codigo de prestacion se encuentra fuera de los existentes;"A;L;8162;LBL099;;3.5;2013-01-24;0800100013012708;DNI;P;50343933;;;;;;;;;1;L03578";871
Codigo de prestacion se encuentra fuera de los existentes;"A;L;8162;LBL099;;3.5;2013-01-24;0800100011017064;DNI;P;25425778;;;;;;;;;1;L03578";871
Codigo de prestacion se encuentra fuera de los existentes;"A;L;8162;LBL099;;3.5;2013-01-21;0800100021107208;DNI;P;37319186;;;;;;;;;1;L03578";871
Codigo de prestacion se encuentra fuera de los existentes;"A;L;8162;LBL099;;3.5;2013-01-17;0800100020006865;DNI;P;27808871;;;;;;;;;1;L03578";871
Codigo de prestacion se encuentra fuera de los existentes;"A;L;8162;LBL099;;3.5;2013-01-17;0800100014002395;DNI;P;34887252;;;;;;;;;2;L03578";871
Codigo de prestacion se encuentra fuera de los existentes;"A;L;8162;LBL099;;3.5;2013-01-17;0800100014002395;DNI;P;34887252;;;;;;;;;1;L03578";871
Codigo de prestacion se encuentra fuera de los existentes;"A;L;8162;LBL099;;3.5;2013-01-16;0800100011024975;DNI;P;93041561;;;;;;;;;1;L03578";871
Codigo de prestacion se encuentra fuera de los existentes;"A;L;8162;LBL099;;3.5;2013-01-03;0800100001015616;DNI;P;48407400;;;;;;;;;1;L03578";871
Codigo de prestacion se encuentra fuera de los existentes;"A;L;8162;LBL095;;3;2013-01-25;0800100011008952;DNI;P;34774211;;;;;;;;;1;L03578";871
Codigo de prestacion se encuentra fuera de los existentes;"A;L;8162;LBL095;;3;2013-01-25;0800100005002020;DNI;P;46176777;;;;;;;;;1;L03578";871
Codigo de prestacion se encuentra fuera de los existentes;"A;L;8162;LBL095;;3;2013-01-24;0800100011017064;DNI;P;25425778;;;;;;;;;1;L03578";871
Codigo de prestacion se encuentra fuera de los existentes;"A;L;8162;LBL095;;3;2013-01-21;0800100021107208;DNI;P;37319186;;;;;;;;;1;L03578";871
Codigo de prestacion se encuentra fuera de los existentes;"A;L;8162;LBL095;;3;2013-01-17;0800100014002395;DNI;P;34887252;;;;;;;;;1;L03578";871
Codigo de prestacion se encuentra fuera de los existentes;"A;L;8162;LBL095;;3;2013-01-17;0800100013013573;DNI;P;37654541;;;;;;;;;1;L03578";871
Codigo de prestacion se encuentra fuera de los existentes;"A;L;8162;LBL095;;3;2013-01-16;0800100011024975;DNI;P;93041561;;;;;;;;;1;L03578";871
Codigo de prestacion se encuentra fuera de los existentes;"A;L;8162;LBL081;;3;2013-01-28;0800100013015414;DNI;P;52046267;;;;;;;;;1;L03578";871
 El valor 9999999999999999 para la clave de beneficiario solo es valida para practicas de comunidad;"A;L;5139;LMI75;;1;2012-01-30;9999999999999999;DNI;P;35482610;;;;;;;;;1;L04025";871
 El valor 9999999999999999 para la clave de beneficiario solo es valida para practicas de comunidad;"A;L;5139;LMI75;;1;2012-01-04;9999999999999999;DNI;P;33966341;;;;;;;;;1;L04025";871
 El valor 9999999999999999 para la clave de beneficiario solo es valida para practicas de comunidad;"A;L;5139;LMI46;48;3;2012-01-30;9999999999999999;DNI;P;35482610;;;;;;;;;1;L04025";871
 El valor 9999999999999999 para la clave de beneficiario solo es valida para practicas de comunidad;"A;L;5139;LMI46;31;3;2012-01-30;9999999999999999;DNI;P;35482610;;;;;;;;;1;L04025";871
 El valor 9999999999999999 para la clave de beneficiario solo es valida para practicas de comunidad;"A;L;5139;LMI46;30;3;2012-01-30;9999999999999999;DNI;P;35482610;;;;;;;;;1;L04025";871
 El valor 9999999999999999 para la clave de beneficiario solo es valida para practicas de comunidad;"A;L;5139;LMI46;24;3;2012-01-30;9999999999999999;DNI;P;35482610;;;;;;;;;1;L04025";871
 El valor 9999999999999999 para la clave de beneficiario solo es valida para practicas de comunidad;"A;L;5139;LMI46;52;3;2012-01-04;9999999999999999;DNI;P;33966341;;;;;;;;;1;L04025";871
 El valor 9999999999999999 para la clave de beneficiario solo es valida para practicas de comunidad;"A;L;5139;LMI46;32;3;2012-01-04;9999999999999999;DNI;P;33966341;;;;;;;;;1;L04025";871
 El valor 9999999999999999 para la clave de beneficiario solo es valida para practicas de comunidad;"A;L;5139;LMI46;31;3;2012-01-04;9999999999999999;DNI;P;33966341;;;;;;;;;1;L04025";871
 El valor 9999999999999999 para la clave de beneficiario solo es valida para practicas de comunidad;"A;L;5139;LMI46;30;3;2012-01-04;9999999999999999;DNI;P;33966341;;;;;;;;;1;L04025";871
 El valor 9999999999999999 para la clave de beneficiario solo es valida para practicas de comunidad;"A;L;5139;LMI46;24;3;2012-01-04;9999999999999999;DNI;P;33966341;;;;;;;;;1;L04025";871
 El valor 9999999999999999 para la clave de beneficiario solo es valida para practicas de comunidad;"A;L;5139;IMI52;;15;2012-01-04;9999999999999999;DNI;P;33966341;;;;;;;;;1;L04025";871
 El valor 9999999999999999 para la clave de beneficiario solo es valida para practicas de comunidad;"A;L;5139;IMI51;;15;2012-01-19;9999999999999999;DNI;P;35482610;;;;;;;;;1;L04025";871
 El valor 9999999999999999 para la clave de beneficiario solo es valida para practicas de comunidad;"A;L;5139;IMI51;;15;2012-01-04;9999999999999999;DNI;P;33966341;;;;;;;;;1;L04025";871
 El valor 9999999999999999 para la clave de beneficiario solo es valida para practicas de comunidad;"A;L;4971;RPE87;;80;2012-01-17;9999999999999999;DNI;P;49936540;;;;;;;;;1;L04014";871
 El valor 9999999999999999 para la clave de beneficiario solo es valida para practicas de comunidad;"A;L;4971;RPE87;;80;2012-01-12;9999999999999999;DNI;P;46685235;;;;;;;;;1;L04014";871
 El valor 9999999999999999 para la clave de beneficiario solo es valida para practicas de comunidad;"A;L;4941;NPE37;;10;2012-01-31;9999999999999999;DNI;P;47054641;;;;;;;;;1;L94915";871
 El valor 9999999999999999 para la clave de beneficiario solo es valida para practicas de comunidad;"A;L;4941;NPE32;;40;2012-01-18;9999999999999999;DNI;P;50157912;;;;;;;;;1;L94915";871
 El valor 9999999999999999 para la clave de beneficiario solo es valida para practicas de comunidad;"A;L;4941;NPE37;;10;2012-01-10;9999999999999999;DNI;P;50157912;;;;;;;;;1;L94915";871
 El valor 9999999999999999 para la clave de beneficiario solo es valida para practicas de comunidad;"A;L;4935;RPE94A;;10;2012-01-26;9999999999999999;DNI;P;51023313;;;;;;;;;2;L03960";871
 El valor 9999999999999999 para la clave de beneficiario solo es valida para practicas de comunidad;"A;L;4935;RPE94A;;10;2012-01-26;9999999999999999;DNI;P;51023313;;;;;;;;;1;L03960";871
 El valor 9999999999999999 para la clave de beneficiario solo es valida para practicas de comunidad;"A;L;4935;RPE86;;80;2012-01-11;9999999999999999;DNI;P;51023313;;;;;;;;;1;L03960";871
 El valor 9999999999999999 para la clave de beneficiario solo es valida para practicas de comunidad;"A;L;4935;NPE34;;10;2012-01-22;9999999999999999;DNI;P;49319664;;;;;;;;;1;L03960";871
 El valor 9999999999999999 para la clave de beneficiario solo es valida para practicas de comunidad;"A;L;4910;NPE34;;10;2012-01-05;9999999999999999;DNI;P;49972533;;;;;;;;;1;L04038";871
 El valor 9999999999999999 para la clave de beneficiario solo es valida para practicas de comunidad;"A;L;4851;RPE87;;80;2012-01-20;9999999999999999;DNI;P;49780708;;;;;;;;;1;L04035";871
 El valor 9999999999999999 para la clave de beneficiario solo es valida para practicas de comunidad;"A;L;4851;RPE86;;80;2012-01-13;9999999999999999;DNI;P;50855251;;;;;;;;;1;L04035";871
 El valor 9999999999999999 para la clave de beneficiario solo es valida para practicas de comunidad;"A;L;4851;RPE87;;80;2012-01-12;9999999999999999;DNI;P;18243317;;;;;;;;;1;L04035";871
 El valor 9999999999999999 para la clave de beneficiario solo es valida para practicas de comunidad;"A;L;4851;RPE86;;80;2012-01-12;9999999999999999;DNI;P;50885257;;;;;;;;;1;L04035";871
 El valor 9999999999999999 para la clave de beneficiario solo es valida para practicas de comunidad;"A;L;4851;RPE87;;80;2012-01-01;9999999999999999;DNI;P;48215193;;;;;;;;;1;L04035";871
 El valor 9999999999999999 para la clave de beneficiario solo es valida para practicas de comunidad;"A;L;4842;NPE33;;40;2012-01-30;9999999999999999;DNI;P;48324569;;;;;;;;;1;L04347";871
 El valor 9999999999999999 para la clave de beneficiario solo es valida para practicas de comunidad;"A;L;4838;MEM01;;240;2012-01-27;9999999999999999;DNI;P;36663579;;;;;;;;;1;L04346";871
 El valor 9999999999999999 para la clave de beneficiario solo es valida para practicas de comunidad;"A;L;4838;NPE42C;;5;2012-01-18;9999999999999999;DNI;P;50446309;;;;;;;;;1;L04346";871
 El valor 9999999999999999 para la clave de beneficiario solo es valida para practicas de comunidad;"A;L;4838;NPE42A;;5;2012-01-18;9999999999999999;DNI;P;50446309;;;;;;;;;1;L04346";871
 El valor 9999999999999999 para la clave de beneficiario solo es valida para practicas de comunidad;"A;L;4838;MPU21;;20;2012-01-16;9999999999999999;DNI;P;22985316;;;;;;;;;1;L04346";871
 El valor 9999999999999999 para la clave de beneficiario solo es valida para practicas de comunidad;"A;L;4836;NPE33;;40;2012-01-01;9999999999999999;DNI;P;47937088;;;;;;;;;1;L03884";871
 El valor 9999999999999999 para la clave de beneficiario solo es valida para practicas de comunidad;"A;L;4836;NPE33;;40;2012-01-26;9999999999999999;DNI;P;47916634;;;;;;;;;1;L03884";871
 El valor 9999999999999999 para la clave de beneficiario solo es valida para practicas de comunidad;"A;L;4836;NPE33;;40;2012-01-10;9999999999999999;DNI;P;50579122;;;;;;;;;1;L03884";871
 El valor 9999999999999999 para la clave de beneficiario solo es valida para practicas de comunidad;"A;L;4836;NPE33;;40;2012-01-09;9999999999999999;DNI;P;46249883;;;;;;;;;1;L03884";871
 El valor 9999999999999999 para la clave de beneficiario solo es valida para practicas de comunidad;"A;L;4836;NPE33;;40;2012-01-06;9999999999999999;DNI;A;31166116;;;;;;;;;1;L03884";871
 El valor 9999999999999999 para la clave de beneficiario solo es valida para practicas de comunidad;"A;L;4836;NPE33;;40;2012-01-04;9999999999999999;DNI;P;47929858;;;;;;;;;1;L03884";871
 El valor 9999999999999999 para la clave de beneficiario solo es valida para practicas de comunidad;"A;L;4812;NPE32;;40;2012-01-12;9999999999999999;DNI;A;36503006;;;;;;;;;1;L00953";871
 El valor 9999999999999999 para la clave de beneficiario solo es valida para practicas de comunidad;"A;L;4752;RPE87;;80;2012-01-31;9999999999999999;DNI;P;44320290;;;;;;;;;1;L03985";871
