motivo;registro_rechazado;lote
Tipo y numero de comprobantes ya existentes;"G09995;23;FC;2012-12-10;2012-12-12;2013-01-30;2013-01-22;2013-02-08;1635;690;;Pago de orden numero 097/2013";854
Tipo y numero de comprobantes ya existentes;"G98911;237;FC;2013-01-03;2013-01-04;2013-01-30;2013-01-22;2013-02-08;90;90;;Pago de orden numero 097/2013";854
 Fecha de comprobante invalida;"G12151;3171/3172;FC;2013-12-06;2013-01-10;2013-01-30;2013-01-22;2013-02-08;160;160;;Pago de orden numero 097/2013";854
Tipo y numero de comprobantes ya existentes;"G07492;7;FC;2013-01-17;2013-01-22;2013-02-08;2013-02-04;2013-02-08;960;960;;Pago de orden numero 130/2013";854
Tipo y numero de comprobantes ya existentes;"G09252;437;FC;2013-01-24;2013-01-28;2013-02-08;2013-02-04;2013-02-08;1440;1440;;Pago de orden numero 143/2013";854
Tipo y numero de comprobantes ya existentes;"G07511;454;FC;2013-01-17;2013-01-21;2013-02-08;2013-02-04;2013-02-08;120;120;;Pago de orden numero 138/2013";854
Tipo y numero de comprobantes ya existentes;"G07514;455;FC;2013-01-17;2013-01-21;2013-02-08;2013-02-04;2013-02-08;360;360;;Pago de orden numero 138/2013";854
Tipo y numero de comprobantes ya existentes;"G07698;416;FC;2013-01-15;2013-01-17;2013-02-08;2013-02-04;2013-02-08;645;30;;Pago de orden numero 143/2013";854
Tipo y numero de comprobantes ya existentes;"G98906;197;FC;2013-01-15;2013-01-16;2013-02-08;2013-02-07;2013-02-08;330;330;;Pago de orden numero 154/2013";854
Tipo y numero de comprobantes ya existentes;"G98907;41;FC;2013-01-30;2013-01-30;2013-02-08;2013-02-07;2013-02-08;600;600;;Pago de orden numero 151/2013";854
Tipo y numero de comprobantes ya existentes;"G07389;3569;FC;2013-02-04;2013-01-22;2013-02-08;2013-02-04;2013-02-08;350;350;;Pago de orden numero 129/2013";854
Tipo y numero de comprobantes ya existentes;"G10436;1;FC;2013-01-27;2013-01-11;2013-02-08;2013-02-04;2013-02-08;1925;1925;;Pago de orden numero 128/2013";854
Tipo y numero de comprobantes ya existentes;"G07609;28;FC;2012-12-29;2013-02-06;2013-02-15;2013-02-13;2013-02-15;150;150;;Pago de orden numero 195/2013";854
Tipo y numero de comprobantes ya existentes;"G07096;418;FC;2013-01-18;2013-02-06;2013-02-15;2013-02-13;2013-02-15;1200;1200;;Pago de orden numero 189/2013";854
 Fecha de comprobante invalida;"G07102;1542;FC;2013-12-29;2013-02-06;2013-02-15;2013-02-13;2013-02-15;630;630;;Pago de orden numero 185/2013";854
Tipo y numero de comprobantes ya existentes;"G03571;153;FC;2013-02-08;2013-02-08;2013-02-15;2013-02-13;2013-02-15;960;960;;Pago de orden numero 179/2013";854
Tipo y numero de comprobantes ya existentes;"G12021;11;FC;2013-01-08;2013-01-30;2013-02-15;2013-02-13;2013-02-15;755;520;;Pago de orden numero 175/2013";854
Tipo y numero de comprobantes ya existentes;"G12021;10;FC;2013-01-08;2013-01-30;2013-02-15;2013-02-13;2013-02-15;1190;790;;Pago de orden numero 175/2013";854
Tipo y numero de comprobantes ya existentes;"G98909;89;FC;2013-01-30;2013-02-06;2013-02-15;2013-02-13;2013-02-15;215;215;;Pago de orden numero 173/2013";854
Tipo y numero de comprobantes ya existentes;"G98909;90;FC;2013-01-30;2013-02-06;2013-02-15;2013-02-13;2013-02-15;1200;1200;;Pago de orden numero 173/2013";854
Tipo y numero de comprobantes ya existentes;"G03599;336;FC;2012-12-15;2013-01-21;2013-02-15;2013-02-13;2013-02-15;2755;1665;;Pago de orden numero 169/2013";854
Tipo y numero de comprobantes ya existentes;"G07693;54;FC;2012-12-05;2013-01-14;2013-02-15;2013-02-14;2013-02-15;760;635;;Pago de orden numero 197/2013";854
 Fecha de comprobante invalida;"G07108;3540;FC;310/01/2013;2013-02-06;2013-02-15;2013-02-13;2013-02-15;13737;13737;;Pago de orden numero 174/2013";854
Tipo y numero de comprobantes ya existentes;"G03609;501;FC;2013-02-04;2013-02-05;2013-02-22;2013-02-19;2013-02-22;90;90;;Pago de orden numero 209/2013";854
Tipo y numero de comprobantes ya existentes;"G07388;503;FC;2013-02-04;2013-02-05;2013-02-22;2013-02-19;2013-02-22;120;120;;Pago de orden numero 209/2013";854
Tipo y numero de comprobantes ya existentes;"G07387;502;FC;2013-02-04;2013-02-05;2013-02-22;2013-02-19;2013-02-22;120;120;;Pago de orden numero 209/2013";854
Efector invalido ;"G7099;151;FC;2013-01-03;2013-02-06;2013-02-22;2013-02-19;2013-02-22;80;80;;Pago de orden numero 205/2013";854
Tipo y numero de comprobantes ya existentes;"G98906;198;FC;2013-02-04;2013-02-05;2013-02-22;2013-02-19;2013-02-22;480;480;;Pago de orden numero 204/2013";854
Tipo y numero de comprobantes ya existentes;"G03592;70;FC;2013-01-11;2013-01-14;2013-02-22;2013-02-21;2013-02-22;1200;1200;;Pago de orden numero 214/2013";854
Tipo y numero de comprobantes ya existentes;"G03575;300;FC;2013-01-10;2013-01-21;2013-02-22;2013-02-21;2013-02-22;720;720;;Pago de orden numero 213/2013";854
Tipo y numero de comprobantes ya existentes;"G98911;239;FC;2013-02-01;2013-02-06;2013-02-14;2013-02-14;2013-02-25;90;90;;Pago de orden numero 199/2013";854
Tipo y numero de comprobantes ya existentes;"G12151;192;FC;2013-02-08;2013-02-08;2013-02-14;2013-02-14;2013-02-25;170;170;;Pago de orden numero 199/2013";854
Tipo y numero de comprobantes ya existentes;"G09967;416;FC;2012-12-14;2012-12-18;2013-01-30;2013-01-22;2013-02-27;1305;420;;Pago de orden numero 098/2013";854
