motivo;registro_rechazado;lote
No cumple con los campos minimos requeridos;"";946
Registro ya informado o campo ORDEN mal generado;"A;L;2200000866;CTC001A97;;30;2013-06-12;1500300025018899;DNI;P;52079935;;;;;;;;;1;T06152";946
Registro ya informado o campo ORDEN mal generado;"A;L;35100000003;CTC001A97;;30;2013-06-11;1500100009019935;DNI;P;48785865;;;;;;;;;1;T20030";946
Registro ya informado o campo ORDEN mal generado;"A;L;35100000003;CTC001A97;;30;2013-06-12;1500300026023823;DNI;P;52380260;;;;;;;;;1;T20030";946
Registro ya informado o campo ORDEN mal generado;"A;L;30400000154;CTC001A97;;30;2013-06-10;1500300025022752;DNI;P;52387115;;;;;;;;;1;T03647";946
Registro ya informado o campo ORDEN mal generado;"A;L;30400000154;CTC001A97;;30;2013-06-04;1500300026008677;DNI;P;50465450;;;;;;;;;1;T03647";946
Registro ya informado o campo ORDEN mal generado;"A;L;24200000113;IMV004A98;;10;2013-06-17;1500300025019223;DNI;P;51374406;;;;;;;;;1;T03642";946
Registro ya informado o campo ORDEN mal generado;"A;L;24200000113;CTC001A97;;30;2013-06-03;1500300025024272;DNI;P;52389283;;;;;;;;;1;T03642";946
Registro ya informado o campo ORDEN mal generado;"A;L;2800001468;CTC001A97;;30;2013-06-03;1500300021044193;DNI;P;52387256;;;;;;;;;1;T06225";946
Registro ya informado o campo ORDEN mal generado;"A;L;32400000111;IMV013A98;;10;2013-06-06;1500700007084356;DNI;P;33817134;;;;;;;;;1;T20009";946
Registro ya informado o campo ORDEN mal generado;"A;L;32400000111;IMV013A98;;10;2013-06-03;1500300025012332;DNI;P;38744449;;;;;;;;;1;T20009";946
ERROR:  value too long for type character(3);"A;L;27500000192;IMV013A98;;10;2013-06-17;1500400004003254;Niñ;P;52390463;;;;;;;;;1;T06199";946
ERROR:  value too long for type character(3);"A;L;27500000192;CTC001A97;;30;2013-06-17;1500400004003254;Niñ;P;52390463;;;;;;;;;1;T06199";946
Registro ya informado o campo ORDEN mal generado;"A;L;9300000270;CTC001A97;;30;2013-06-05;1500700007487951;DNI;P;51174194;;;;;;;;;1;T00111";946
Registro ya informado o campo ORDEN mal generado;"A;L;16400000115;CTC001A97;;30;2013-06-27;1500300026026298;DNI;P;52383244;;;;;;;;;1;T06076";946
Registro ya informado o campo ORDEN mal generado;"A;L;15900000165;CTC001A97;;30;2013-06-28;1500300026026846;DNI;P;52388646;;;;;;;;;1;T06104";946
Registro ya informado o campo ORDEN mal generado;"A;L;2000000813;CTC001A97;;30;2013-06-04;1500300026027472;DNI;P;52074357;;;;;;;;;1;T06148";946
Registro ya informado o campo ORDEN mal generado;"A;L;35300000002;CTC001A97;;30;2013-05-16;1500700007291134;DNI;P;39078810;;;;;;;;;1;T10350";946
Registro ya informado o campo ORDEN mal generado;"A;L;35300000002;CTC001A97;;30;2013-05-16;1500700007298854;DNI;P;44189480;;;;;;;;;1;T10350";946
Registro ya informado o campo ORDEN mal generado;"A;L;800000788;CTC008A97;;30;2013-04-05;1500300021044019;DNI;P;38116214;;;;;;;;;1;T06256";946
Registro ya informado o campo ORDEN mal generado;"A;L;800000788;CTC001A97;;30;2013-04-30;1500400004006448;DNI;P;43003221;;;;;;;;;1;T06256";946
Registro ya informado o campo ORDEN mal generado;"A;L;4200000174;IMV009A98;;10;2013-06-10;1500100017017226;DNI;P;43964184;;;;;;;;;1;T06041";946
Registro ya informado o campo ORDEN mal generado;"A;L;2300000467;PRP021A97;;30;2013-06-18;1500700007355652;DNI;P;53003953;;;;;;;;;1;T10348";946
Registro ya informado o campo ORDEN mal generado;"A;L;17100000169;IMV010A98;;10;2013-02-26;1500100011021295;DNI;P;33609346;;;;;;;;;1;T10346";946
Registro ya informado o campo ORDEN mal generado;"A;L;17100000169;IMV010A98;;10;2013-02-21;1500300030009090;DNI;P;26277548;;;;;;;;;1;T10346";946
Registro ya informado o campo ORDEN mal generado;"A;L;16900000229;IMV010A98;;10;2013-04-11;1500700007351134;DNI;P;39571802;;;;;;;;;1;T03643";946
Registro ya informado o campo ORDEN mal generado;"A;L;16900000229;IMV010A98;;10;2013-03-05;1500300030001518;DNI;P;32501482;;;;;;;;;1;T03643";946
Registro ya informado o campo ORDEN mal generado;"A;L;16900000229;IMV010A98;;10;2013-04-11;1500300021014953;DNI;P;36743829;;;;;;;;;1;T03643";946
Registro ya informado o campo ORDEN mal generado;"A;L;1500000862;IMV010A98;;10;2013-02-14;1500700007271614;DNI;P;39973412;;;;;;;;;1;T06102";946
Registro ya informado o campo ORDEN mal generado;"A;L;1500000862;IMV010A98;;10;2013-02-14;1500700007215686;DNI;P;33702952;;;;;;;;;1;T06102";946
Registro ya informado o campo ORDEN mal generado;"A;L;1500000862;IMV010A98;;10;2013-02-14;1500100012037129;DNI;P;31716622;;;;;;;;;1;T06102";946
Registro ya informado o campo ORDEN mal generado;"A;L;1500000862;IMV010A98;;10;2013-05-16;1500700007154177;DNI;P;35522342;;;;;;;;;1;T06102";946
Registro ya informado o campo ORDEN mal generado;"A;L;1500000862;IMV010A98;;10;2013-05-02;1500400004005305;DNI;P;28790359;;;;;;;;;1;T06102";946
Registro ya informado o campo ORDEN mal generado;"A;L;1500000862;IMV010A98;;10;2013-05-17;1500700007351726;DNI;P;37958295;;;;;;;;;1;T06102";946
Registro ya informado o campo ORDEN mal generado;"A;L;1500000862;IMV010A98;;10;2013-05-09;1500100016024757;DNI;P;37958213;;;;;;;;;1;T06102";946
Registro ya informado o campo ORDEN mal generado;"A;L;1500000862;IMV010A98;;10;2013-05-16;1500400004006066;DNI;P;39788574;;;;;;;;;1;T06102";946
Registro ya informado o campo ORDEN mal generado;"A;L;1500000862;IMV010A98;;10;2013-02-13;1500300026016917;DNI;P;37309347;;;;;;;;;1;T06102";946
Registro ya informado o campo ORDEN mal generado;"A;L;1500000862;IMV010A98;;10;2013-05-02;1500700007342372;DNI;P;35082634;;;;;;;;;1;T06102";946
Registro ya informado o campo ORDEN mal generado;"A;L;13300000157;IMV010A98;;10;2013-04-12;1500700007401135;DNI;P;31451845;;;;;;;;;1;T06055";946
Registro ya informado o campo ORDEN mal generado;"A;L;13300000157;IMV010A98;;10;2013-05-15;1500700007168275;DNI;P;26259692;;;;;;;;;1;T06055";946
Registro ya informado o campo ORDEN mal generado;"A;L;13000000145;IMV010A98;;10;2013-04-17;1500700007158834;DNI;P;37504508;;;;;;;;;1;T06056";946
Registro ya informado o campo ORDEN mal generado;"A;L;13000000145;IMV010A98;;10;2013-05-07;1500700007340648;DNI;P;32731546;;;;;;;;;1;T06056";946
Registro ya informado o campo ORDEN mal generado;"A;L;13000000145;IMV010A98;;10;2013-04-03;1500700007212887;DNI;P;36510664;;;;;;;;;1;T06056";946
Registro ya informado o campo ORDEN mal generado;"A;L;12800000168;IMV010A98;;10;2013-05-06;1500300026014177;DNI;P;27676421;;;;;;;;;1;T06107";946
Registro ya informado o campo ORDEN mal generado;"A;L;12800000168;IMV010A98;;10;2013-05-20;1500700007165310;DNI;P;34138930;;;;;;;;;1;T06107";946
Registro ya informado o campo ORDEN mal generado;"A;L;12800000168;IMV010A98;;10;2013-05-16;1500700007178331;DNI;P;33615975;;;;;;;;;1;T06107";946
Registro ya informado o campo ORDEN mal generado;"A;L;12800000168;IMV010A98;;10;2013-05-07;1500100014009513;DNI;P;33901052;;;;;;;;;1;T06107";946
Registro ya informado o campo ORDEN mal generado;"A;L;12600000157;IMV010A98;;10;2013-05-16;1500300030007566;DNI;P;35256311;;;;;;;;;1;T06109";946
Registro ya informado o campo ORDEN mal generado;"A;L;12400000192;IMV010A98;;10;2013-05-07;1500300021000040;DNI;P;34763883;;;;;;;;;1;T06106";946
Registro ya informado o campo ORDEN mal generado;"A;L;1000001863;IMV010A98;;10;2013-05-28;1500700007094665;DNI;P;43291728;;;;;;;;;1;T06065";946
Registro ya informado o campo ORDEN mal generado;"A;L;1000001863;IMV010A98;;10;2013-05-08;1500100009026082;DNI;P;32240980;;;;;;;;;1;T06065";946
Registro ya informado o campo ORDEN mal generado;"A;L;1000001863;IMV010A98;;10;2013-05-07;1500300026018692;DNI;P;35733133;;;;;;;;;1;T06065";946
Registro ya informado o campo ORDEN mal generado;"A;L;12300000144;IMV010A98;;10;2013-05-21;1500700007099557;DNI;P;30907845;;;;;;;;;1;T06067";946
Registro ya informado o campo ORDEN mal generado;"A;L;12300000144;IMV010A98;;10;2013-02-05;1500100009018167;DNI;P;27798556;;;;;;;;;1;T06067";946
Registro ya informado o campo ORDEN mal generado;"A;L;1100000171;IMV010A98;;10;2013-03-12;1500700007477534;DNI;P;32817962;;;;;;;;;1;T06068";946
Registro ya informado o campo ORDEN mal generado;"A;L;1300002076;IMV010A98;;10;2013-05-24;1500300029000443;DNI;P;37502108;;;;;;;;;1;T06112";946
Registro ya informado o campo ORDEN mal generado;"A;L;11300000196;IMV010A98;;10;2013-05-16;1500400004006102;DNI;P;37096936;;;;;;;;;1;T06114";946
Registro ya informado o campo ORDEN mal generado;"A;L;11200000172;IMV010A98;;10;2013-04-03;1500300026024643;DNI;P;37496966;;;;;;;;;1;T06115";946
Registro ya informado o campo ORDEN mal generado;"A;L;10800000204;IMV010A98;;10;2013-05-21;1500100010007486;DNI;P;31425536;;;;;;;;;1;T04345";946
Registro ya informado o campo ORDEN mal generado;"A;L;10800000204;IMV010A98;;10;2013-03-12;1500300023001317;DNI;P;26385925;;;;;;;;;1;T04345";946
Registro ya informado o campo ORDEN mal generado;"A;L;9600000190;IMV010A98;;10;2013-05-23;1500100014012137;DNI;P;33332132;;;;;;;;;1;T00116";946
Registro ya informado o campo ORDEN mal generado;"A;L;9300000267;IMV010A98;;10;2013-05-03;1500400004004762;DNI;P;24621618;;;;;;;;;1;T00111";946
Registro ya informado o campo ORDEN mal generado;"A;L;9300000267;IMV010A98;;10;2013-05-17;1500100009000838;DNI;P;37957731;;;;;;;;;1;T00111";946
Registro ya informado o campo ORDEN mal generado;"A;L;9300000267;IMV010A98;;10;2013-05-06;1500700007418953;DNI;P;37092704;;;;;;;;;1;T00111";946
Registro ya informado o campo ORDEN mal generado;"A;L;9300000267;IMV010A98;;10;2013-05-13;1500300030001511;DNI;P;42935991;;;;;;;;;1;T00111";946
Registro ya informado o campo ORDEN mal generado;"A;L;9300000267;IMV010A98;;10;2013-05-21;1500400004006832;DNI;P;38405495;;;;;;;;;1;T00111";946
Registro ya informado o campo ORDEN mal generado;"A;L;9200000309;IMV010A98;;10;2013-05-15;1500700007474467;DNI;P;26378530;;;;;;;;;1;T00095";946
Registro ya informado o campo ORDEN mal generado;"A;L;25800000149;IMV010A98;;10;2013-02-26;1500300025015071;DNI;P;26676308;;;;;;;;;1;T06224";946
Registro ya informado o campo ORDEN mal generado;"A;L;2600000613;IMV010A98;;10;2013-03-18;1500700007464861;DNI;P;45231750;;;;;;;;;1;T06213";946
Registro ya informado o campo ORDEN mal generado;"A;L;2600000613;IMV010A98;;10;2013-03-28;1500400004006378;DNI;P;40434763;;;;;;;;;1;T06213";946
Registro ya informado o campo ORDEN mal generado;"A;L;2600000613;IMV010A98;;10;2013-03-20;1500400004005078;DNI;P;27092073;;;;;;;;;1;T06213";946
Registro ya informado o campo ORDEN mal generado;"A;L;2600000613;IMV010A98;;10;2013-03-15;1500400004006497;DNI;P;36997788;;;;;;;;;1;T06213";946
Registro ya informado o campo ORDEN mal generado;"A;L;2600000613;IMV010A98;;10;2013-04-10;1500700007362906;DNI;P;39572687;;;;;;;;;1;T06213";946
Registro ya informado o campo ORDEN mal generado;"A;L;2600000613;IMV010A98;;10;2013-04-22;1500700007368669;DNI;P;35883603;;;;;;;;;1;T06213";946
Registro ya informado o campo ORDEN mal generado;"A;L;2600000613;IMV010A98;;10;2013-04-05;1500700007154040;DNI;P;34282371;;;;;;;;;1;T06213";946
Registro ya informado o campo ORDEN mal generado;"A;L;2400000984;IMV010A98;;10;2013-03-07;1500100014014120;DNI;P;36534149;;;;;;;;;1;T06203";946
Registro ya informado o campo ORDEN mal generado;"A;L;26500000124;IMV010A98;;10;2013-05-03;1500100014015619;DNI;P;35520685;;;;;;;;;1;T06205";946
Registro ya informado o campo ORDEN mal generado;"A;L;26500000124;IMV010A98;;10;2013-05-24;1500400004004544;DNI;P;33397506;;;;;;;;;1;T06205";946
Registro ya informado o campo ORDEN mal generado;"A;L;26500000124;IMV010A98;;10;2013-02-07;1500100017022763;DNI;P;26011595;;;;;;;;;1;T06205";946
Registro ya informado o campo ORDEN mal generado;"A;L;2900001283;IMV010A98;;10;2013-02-08;1500100012024018;DNI;P;25632732;;;;;;;;;1;T06243";946
Registro ya informado o campo ORDEN mal generado;"A;L;2900001283;IMV010A98;;10;2013-04-03;1500700007409500;DNI;P;27725525;;;;;;;;;1;T06243";946
Registro ya informado o campo ORDEN mal generado;"A;L;30400000153;IMV010A98;;10;2013-05-27;1500100009020231;DNI;P;24593678;;;;;;;;;1;T03647";946
Registro ya informado o campo ORDEN mal generado;"A;L;30400000153;IMV010A98;;10;2013-05-06;1500400004005561;DNI;P;39974294;;;;;;;;;1;T03647";946
Registro ya informado o campo ORDEN mal generado;"A;L;30400000153;IMV010A98;;10;2013-05-13;1500300026006224;DNI;P;31428981;;;;;;;;;1;T03647";946
Registro ya informado o campo ORDEN mal generado;"A;L;30400000153;IMV010A98;;10;2013-05-06;1500400004005560;DNI;P;34280245;;;;;;;;;1;T03647";946
Registro ya informado o campo ORDEN mal generado;"A;L;30400000153;IMV010A98;;10;2013-05-17;1500700007212897;DNI;P;43566994;;;;;;;;;1;T03647";946
Registro ya informado o campo ORDEN mal generado;"A;L;30700000151;IMV010A98;;10;2013-04-12;1500700007124117;DNI;P;26840183;;;;;;;;;1;T03646";946
Registro ya informado o campo ORDEN mal generado;"A;L;30700000151;IMV010A98;;10;2013-03-13;1500100013025811;DNI;P;37092666;;;;;;;;;1;T03646";946
Registro ya informado o campo ORDEN mal generado;"A;L;32100000086;IMV010A98;;10;2013-05-08;1500700007230258;DNI;P;36550473;;;;;;;;;1;T10354";946
Registro ya informado o campo ORDEN mal generado;"A;L;32100000086;IMV010A98;;10;2013-04-03;1500100009005409;DNI;P;33816984;;;;;;;;;1;T10354";946
Registro ya informado o campo ORDEN mal generado;"A;L;32100000086;IMV010A98;;10;2013-04-03;1500100018012865;DNI;P;27720285;;;;;;;;;1;T10354";946
Registro ya informado o campo ORDEN mal generado;"A;L;32100000086;IMV010A98;;10;2013-05-08;1500100018013065;DNI;P;32550072;;;;;;;;;1;T10354";946
Registro ya informado o campo ORDEN mal generado;"A;L;32100000086;IMV010A98;;10;2013-05-08;1500700007090981;DNI;P;39140161;;;;;;;;;1;T10354";946
Registro ya informado o campo ORDEN mal generado;"A;L;32100000086;IMV010A98;;10;2013-03-13;1500100018012905;DNI;P;32235922;;;;;;;;;1;T10354";946
Registro ya informado o campo ORDEN mal generado;"A;L;32100000086;IMV010A98;;10;2013-05-08;1500300025020061;DNI;P;38245880;;;;;;;;;1;T10354";946
Registro ya informado o campo ORDEN mal generado;"A;L;32100000086;IMV010A98;;10;2013-04-03;1500700007230258;DNI;P;36550473;;;;;;;;;1;T10354";946
Registro ya informado o campo ORDEN mal generado;"A;L;32100000086;IMV010A98;;10;2013-04-10;1500300029003514;DNI;P;33436660;;;;;;;;;1;T10354";946
Registro ya informado o campo ORDEN mal generado;"A;L;32100000086;IMV010A98;;10;2013-04-25;1500700007452600;DNI;P;40700395;;;;;;;;;1;T10354";946
Registro ya informado o campo ORDEN mal generado;"A;L;32100000086;IMV010A98;;10;2013-05-22;1500700007141249;DNI;P;28933851;;;;;;;;;1;T10354";946
Registro ya informado o campo ORDEN mal generado;"A;L;23200000126;CTC001A97;;30;2013-05-03;1500300025023334;DNI;P;52152907;;;;;;;;;1;T06179";946
Registro ya informado o campo ORDEN mal generado;"A;L;23200000126;CTC001A97;;30;2013-05-20;1500300025022375;DNI;P;52381156;;;;;;;;;1;T06179";946
Registro ya informado o campo ORDEN mal generado;"A;L;24100000114;IMV010A98;;10;2013-05-15;1500100015012932;DNI;P;31310535;;;;;;;;;1;T06182";946
Registro ya informado o campo ORDEN mal generado;"A;L;23800000112;IMV010A98;;10;2013-03-27;1500100011031113;DNI;P;31390005;;;;;;;;;1;T06190";946
Registro ya informado o campo ORDEN mal generado;"A;L;23600000115;IMV010A98;;10;2013-03-04;1500300026009701;DNI;P;30871129;;;;;;;;;1;T06181";946
Registro ya informado o campo ORDEN mal generado;"A;L;23600000115;IMV010A98;;10;2013-05-13;1500700007141562;DNI;P;38742698;;;;;;;;;1;T06181";946
Registro ya informado o campo ORDEN mal generado;"A;L;23600000115;IMV010A98;;10;2013-05-20;1500700007066045;DNI;P;31543763;;;;;;;;;1;T06181";946
Registro ya informado o campo ORDEN mal generado;"A;L;23600000115;IMV010A98;;10;2013-03-08;1500300025005729;DNI;P;34280920;;;;;;;;;1;T06181";946
Registro ya informado o campo ORDEN mal generado;"A;L;23600000115;IMV010A98;;10;2013-05-17;1500700007138284;DNI;P;40983401;;;;;;;;;1;T06181";946
Registro ya informado o campo ORDEN mal generado;"A;L;23600000115;IMV010A98;;10;2013-04-15;1500700007085096;DNI;P;39643430;;;;;;;;;1;T06181";946
Registro ya informado o campo ORDEN mal generado;"A;L;23600000115;IMV010A98;;10;2013-04-12;1500700007148787;DNI;P;39976365;;;;;;;;;1;T06181";946
Registro ya informado o campo ORDEN mal generado;"A;L;23600000115;IMV010A98;;10;2013-02-18;1500100012023529;DNI;P;32109998;;;;;;;;;1;T06181";946
Registro ya informado o campo ORDEN mal generado;"A;L;23600000115;IMV010A98;;10;2013-05-13;1500100017035924;DNI;P;35086251;;;;;;;;;1;T06181";946
Registro ya informado o campo ORDEN mal generado;"A;L;23600000115;IMV010A98;;10;2013-04-12;1500700007112952;DNI;P;33628061;;;;;;;;;1;T06181";946
Registro ya informado o campo ORDEN mal generado;"A;L;23600000115;IMV010A98;;10;2013-04-05;1500100017019743;DNI;P;27838371;;;;;;;;;1;T06181";946
Registro ya informado o campo ORDEN mal generado;"A;L;23600000115;IMV010A98;;10;2013-03-15;1500700007085096;DNI;P;39643430;;;;;;;;;1;T06181";946
Registro ya informado o campo ORDEN mal generado;"A;L;23500000107;IMV010A98;;10;2013-02-28;1500100016031455;DNI;P;32235404;;;;;;;;;1;T03641";946
Registro ya informado o campo ORDEN mal generado;"A;L;23400000117;IMV010A98;;10;2013-05-16;1500700007070758;DNI;P;35519547;;;;;;;;;1;T03640";946
Registro ya informado o campo ORDEN mal generado;"A;L;23300000113;IMV010A98;;10;2013-02-27;1500100012029992;DNI;P;31770614;;;;;;;;;1;T06178";946
Registro ya informado o campo ORDEN mal generado;"A;L;23300000113;IMV010A98;;10;2013-05-06;1500700007218192;DNI;P;41652499;;;;;;;;;1;T06178";946
Registro ya informado o campo ORDEN mal generado;"A;L;23300000113;IMV010A98;;10;2013-04-23;1500100017031541;DNI;P;26084328;;;;;;;;;1;T06178";946
Registro ya informado o campo ORDEN mal generado;"A;L;23300000113;IMV010A98;;10;2013-05-14;1500700007447562;DNI;P;41239322;;;;;;;;;1;T06178";946
Registro ya informado o campo ORDEN mal generado;"A;L;2800001463;IMV010A98;;10;2013-03-15;1500400004006717;DNI;P;35064137;;;;;;;;;1;T06225";946
Registro ya informado o campo ORDEN mal generado;"A;L;2800001463;IMV010A98;;10;2013-03-15;1500400004006747;DNI;P;33165176;;;;;;;;;1;T06225";946
Registro ya informado o campo ORDEN mal generado;"A;L;2800001463;IMV010A98;;10;2013-03-22;1500400004006714;DNI;P;39973785;;;;;;;;;1;T06225";946
Registro ya informado o campo ORDEN mal generado;"A;L;2800001463;IMV010A98;;10;2013-03-08;1500100010005489;DNI;P;30770934;;;;;;;;;1;T06225";946
Registro ya informado o campo ORDEN mal generado;"A;L;2800001463;IMV010A98;;10;2013-04-09;1500700007213595;DNI;P;39572270;;;;;;;;;1;T06225";946
Registro ya informado o campo ORDEN mal generado;"A;L;2800001463;IMV010A98;;10;2013-04-29;1500300025014081;DNI;P;38248844;;;;;;;;;1;T06225";946
Registro ya informado o campo ORDEN mal generado;"A;L;2800001463;IMV010A98;;10;2013-03-08;1500300025017356;DNI;P;39357983;;;;;;;;;1;T06225";946
Registro ya informado o campo ORDEN mal generado;"A;L;28600000135;IMV010A98;;10;2013-03-08;1500400004006707;DNI;P;38115604;;;;;;;;;1;T06232";946
Registro ya informado o campo ORDEN mal generado;"A;L;28600000135;IMV010A98;;10;2013-05-28;1500100015034283;DNI;P;32562555;;;;;;;;;1;T06232";946
Registro ya informado o campo ORDEN mal generado;"A;L;28600000135;IMV010A98;;10;2013-05-20;1500700007461414;DNI;P;27430029;;;;;;;;;1;T06232";946
Registro ya informado o campo ORDEN mal generado;"A;L;28300000109;IMV010A98;;10;2013-05-09;1500100011034770;DNI;P;26242152;;;;;;;;;1;T06226";946
Registro ya informado o campo ORDEN mal generado;"A;L;32400000109;IMV010A98;;10;2013-05-24;1500100014018399;DNI;P;27091815;;;;;;;;;1;T20009";946
Registro ya informado o campo ORDEN mal generado;"A;L;32400000109;IMV010A98;;10;2013-05-08;1500100012021995;DNI;P;29731986;;;;;;;;;1;T20009";946
Registro ya informado o campo ORDEN mal generado;"A;L;32400000109;IMV010A98;;10;2013-05-13;1500700007014481;DNI;P;40727711;;;;;;;;;1;T20009";946
Registro ya informado o campo ORDEN mal generado;"A;L;32400000109;IMV010A98;;10;2013-05-22;1500700007325198;DNI;P;38490795;;;;;;;;;1;T20009";946
Registro ya informado o campo ORDEN mal generado;"A;L;32400000109;IMV010A98;;10;2013-05-22;1500700007458374;DNI;P;21331576;;;;;;;;;1;T20009";946
Registro ya informado o campo ORDEN mal generado;"A;L;32400000109;IMV010A98;;10;2013-05-24;1500100012037562;DNI;P;31312434;;;;;;;;;1;T20009";946
Registro ya informado o campo ORDEN mal generado;"A;L;32400000109;IMV010A98;;10;2013-03-25;1500100012031554;DNI;P;35518614;;;;;;;;;1;T20009";946
Registro ya informado o campo ORDEN mal generado;"A;L;32400000109;IMV010A98;;10;2013-03-26;1500100009006687;DNI;P;34867167;;;;;;;;;1;T20009";946
Registro ya informado o campo ORDEN mal generado;"A;L;32400000109;IMV010A98;;10;2013-03-12;1500100013025590;DNI;P;29973906;;;;;;;;;1;T20009";946
Registro ya informado o campo ORDEN mal generado;"A;L;32400000109;IMV010A98;;10;2013-05-06;1500300025012332;DNI;P;38744449;;;;;;;;;1;T20009";946
Registro ya informado o campo ORDEN mal generado;"A;L;32400000109;IMV010A98;;10;2013-02-13;1500100012021995;DNI;P;29731986;;;;;;;;;1;T20009";946
Registro ya informado o campo ORDEN mal generado;"A;L;32400000109;IMV010A98;;10;2013-03-13;1500300029000381;DNI;P;33436787;;;;;;;;;1;T20009";946
Registro ya informado o campo ORDEN mal generado;"A;L;32400000109;IMV010A98;;10;2013-05-20;1500700007113506;DNI;P;42122261;;;;;;;;;1;T20009";946
Registro ya informado o campo ORDEN mal generado;"A;L;32400000109;IMV010A98;;10;2013-05-10;1500700007321321;DNI;P;33619686;;;;;;;;;1;T20009";946
Registro ya informado o campo ORDEN mal generado;"A;L;32400000109;IMV010A98;;10;2013-02-22;1500100018017359;DNI;P;34280118;;;;;;;;;1;T20009";946
Registro ya informado o campo ORDEN mal generado;"A;L;32400000109;IMV010A98;;10;2013-05-07;1500700007459408;DNI;P;39143507;;;;;;;;;1;T20009";946
Registro ya informado o campo ORDEN mal generado;"A;L;32400000109;IMV010A98;;10;2013-05-15;1500700007083602;DNI;P;38022865;;;;;;;;;1;T20009";946
Registro ya informado o campo ORDEN mal generado;"A;L;32400000109;IMV010A98;;10;2013-05-16;1500100014014843;DNI;P;35518486;;;;;;;;;1;T20009";946
Registro ya informado o campo ORDEN mal generado;"A;L;32400000109;IMV010A98;;10;2013-05-17;1500100011017078;DNI;P;27720259;;;;;;;;;1;T20009";946
Registro ya informado o campo ORDEN mal generado;"A;L;32400000109;IMV010A98;;10;2013-05-29;1500700007338373;DNI;P;31128109;;;;;;;;;1;T20009";946
Registro ya informado o campo ORDEN mal generado;"A;L;32400000109;IMV010A98;;10;2013-05-10;1500100013026558;DNI;P;33391723;;;;;;;;;1;T20009";946
Registro ya informado o campo ORDEN mal generado;"A;L;32400000109;IMV010A98;;10;2013-05-06;1500700007307314;DNI;P;37724795;;;;;;;;;1;T20009";946
Registro ya informado o campo ORDEN mal generado;"A;L;32400000109;IMV010A98;;10;2013-05-03;1500300025005538;DNI;P;32816569;;;;;;;;;1;T20009";946
Registro ya informado o campo ORDEN mal generado;"A;L;32400000109;IMV010A98;;10;2013-05-07;1500700007196882;DNI;P;36667361;;;;;;;;;1;T20009";946
Registro ya informado o campo ORDEN mal generado;"A;L;32400000109;IMV010A98;;10;2013-03-08;1500100012036114;DNI;P;36870110;;;;;;;;;1;T20009";946
Registro ya informado o campo ORDEN mal generado;"A;L;32400000109;IMV010A98;;10;2013-05-24;1500300025000261;DNI;P;31770103;;;;;;;;;1;T20009";946
Registro ya informado o campo ORDEN mal generado;"A;L;27100000156;IMV010A98;;10;2013-05-15;1500700007465736;DNI;P;40356889;;;;;;;;;1;T06193";946
Registro ya informado o campo ORDEN mal generado;"A;L;27100000156;IMV010A98;;10;2013-03-19;1500700007320423;DNI;P;38348460;;;;;;;;;1;T06193";946
Registro ya informado o campo ORDEN mal generado;"A;L;27100000156;IMV010A98;;10;2013-05-22;1500100014005058;DNI;P;29624782;;;;;;;;;1;T06193";946
Registro ya informado o campo ORDEN mal generado;"A;L;27100000156;IMV010A98;;10;2013-04-24;1500300025016409;DNI;P;39140228;;;;;;;;;1;T06193";946
Registro ya informado o campo ORDEN mal generado;"A;L;2500000121;IMV010A98;;10;2013-03-20;1500700007114187;DNI;P;22393617;;;;;;;;;1;T06191";946
Registro ya informado o campo ORDEN mal generado;"A;L;2500000121;IMV010A98;;10;2013-04-30;1500700007158986;DNI;P;40876737;;;;;;;;;1;T06191";946
Registro ya informado o campo ORDEN mal generado;"A;L;2500000121;IMV010A98;;10;2013-05-09;1500700007462899;DNI;P;31128089;;;;;;;;;1;T06191";946
Registro ya informado o campo ORDEN mal generado;"A;L;2500000121;CTC001A97;;30;2013-05-09;1500300030006765;DNI;P;50200700;;;;;;;;;1;T06191";946
Registro ya informado o campo ORDEN mal generado;"A;L;27500000190;IMV010A98;;10;2013-05-07;1500700007315849;DNI;P;29624761;;;;;;;;;1;T06199";946
ERROR:  value too long for type character(3);"A;L;27500000190;CTC001R74;;15;2013-05-02;1500400004003254;Niñ;P;52390463;;;;;;;;;1;T06199";946
ERROR:  value too long for type character(3);"A;L;27500000190;CTC001A97;;30;2013-05-02;1500400004003254;Niñ;P;52390463;;;;;;;;;1;T06199";946
Registro ya informado o campo ORDEN mal generado;"A;L;2300000462;IMV010A98;;10;2013-02-08;1500700007316407;DNI;P;33436659;;;;;;;;;1;T10348";946
Registro ya informado o campo ORDEN mal generado;"A;L;2300000462;IMV010A98;;10;2013-05-14;1500700007060503;DNI;P;41183089;;;;;;;;;1;T10348";946
Registro ya informado o campo ORDEN mal generado;"A;L;2300000462;IMV010A98;;10;2013-04-04;1500700007120754;DNI;P;37360757;;;;;;;;;1;T10348";946
Registro ya informado o campo ORDEN mal generado;"A;L;2300000462;IMV010A98;;10;2013-03-27;1500700007117375;DNI;P;32109740;;;;;;;;;1;T10348";946
Registro ya informado o campo ORDEN mal generado;"A;L;2300000462;PRP021A97;;30;2013-05-28;1500300025023259;DNI;P;52078951;;;;;;;;;1;T10348";946
Registro ya informado o campo ORDEN mal generado;"A;L;35800000010;IMV010A98;;10;2013-04-25;1500700007417541;DNI;P;18891246;;;;;;;;;1;T06118";946
Registro ya informado o campo ORDEN mal generado;"A;L;19000000136;IMV010A98;;10;2013-05-27;1500700007036592;DNI;P;33374215;;;;;;;;;1;T06124";946
Registro ya informado o campo ORDEN mal generado;"A;L;18400000137;CTC001A97;;30;2013-05-06;1500300026011316;DNI;P;52382824;;;;;;;;;1;T06123";946
Registro ya informado o campo ORDEN mal generado;"A;L;18100000128;IMV010A98;;10;2013-05-23;1500700007015902;DNI;P;24059523;;;;;;;;;1;T06136";946
Registro ya informado o campo ORDEN mal generado;"A;L;18100000128;IMV010A98;;10;2013-05-20;1500700007254514;DNI;P;27960774;;;;;;;;;1;T06136";946
Registro ya informado o campo ORDEN mal generado;"A;L;18000000172;CTC001A97;;30;2013-05-07;1500300026025396;DNI;P;52150594;;;;;;;;;1;T03654";946
Registro ya informado o campo ORDEN mal generado;"A;L;17900000151;IMV010A98;;10;2013-03-04;1500100011028383;DNI;P;35921022;;;;;;;;;1;T06133";946
Registro ya informado o campo ORDEN mal generado;"A;L;17800000124;IMV010A98;;10;2013-05-28;1500300026005140;DNI;P;35029873;;;;;;;;;1;T06138";946
Registro ya informado o campo ORDEN mal generado;"A;L;17800000124;IMV010A98;;10;2013-05-07;1500400004005019;DNI;P;40087453;;;;;;;;;1;T06138";946
Registro ya informado o campo ORDEN mal generado;"A;L;17600000139;IMV010A98;;10;2013-05-09;1500100011021607;DNI;P;35522091;;;;;;;;;1;T06137";946
Registro ya informado o campo ORDEN mal generado;"A;L;17600000139;IMV010A98;;10;2013-05-27;1500400004004273;DNI;P;26013645;;;;;;;;;1;T06137";946
Registro ya informado o campo ORDEN mal generado;"A;L;17600000139;IMV010A98;;10;2013-05-27;1500100013017985;DNI;P;29786381;;;;;;;;;1;T06137";946
Registro ya informado o campo ORDEN mal generado;"A;L;17500000150;IMV010A98;;10;2013-04-30;1500300026015114;DNI;P;39144658;;;;;;;;;1;T06132";946
Registro ya informado o campo ORDEN mal generado;"A;L;17500000150;IMV010A98;;10;2013-05-09;1500700007152711;DNI;P;36041274;;;;;;;;;1;T06132";946
Registro ya informado o campo ORDEN mal generado;"A;L;17500000150;IMV010A98;;10;2013-05-09;1500300021025534;DNI;P;29242984;;;;;;;;;1;T06132";946
Registro ya informado o campo ORDEN mal generado;"A;L;17500000150;IMV010A98;;10;2013-05-16;1500700007034207;DNI;P;36349967;;;;;;;;;1;T06132";946
Registro ya informado o campo ORDEN mal generado;"A;L;17500000150;IMV010A98;;10;2013-02-15;1500100014010687;DNI;P;34282016;;;;;;;;;1;T06132";946
Registro ya informado o campo ORDEN mal generado;"A;L;17500000150;IMV010A98;;10;2013-05-28;1500700007331079;DNI;P;36752078;;;;;;;;;1;T06132";946
Registro ya informado o campo ORDEN mal generado;"A;L;17500000150;IMV010A98;;10;2013-02-21;1500300026004561;DNI;P;32601819;;;;;;;;;1;T06132";946
Registro ya informado o campo ORDEN mal generado;"A;L;17500000150;IMV010A98;;10;2013-05-16;1500100013027698;DNI;P;26139407;;;;;;;;;1;T06132";946
Registro ya informado o campo ORDEN mal generado;"A;L;17500000150;IMV010A98;;10;2013-05-16;1500300021035408;DNI;P;39143206;;;;;;;;;1;T06132";946
Registro ya informado o campo ORDEN mal generado;"A;L;2200000854;IMV010A98;;10;2013-05-23;1500700007189913;DNI;P;35548285;;;;;;;;;1;T06152";946
Registro ya informado o campo ORDEN mal generado;"A;L;2200000854;IMV010A98;;10;2013-03-26;1500300026020009;DNI;P;36585450;;;;;;;;;1;T06152";946
Registro ya informado o campo ORDEN mal generado;"A;L;2200000854;IMV010A98;;10;2013-03-14;1500100014018838;DNI;P;33978766;;;;;;;;;1;T06152";946
Registro ya informado o campo ORDEN mal generado;"A;L;2200000854;IMV010A98;;10;2013-05-22;1500300030000258;DNI;P;37309119;;;;;;;;;1;T06152";946
Registro ya informado o campo ORDEN mal generado;"A;L;19900000154;IMV010A98;;10;2013-05-24;1500300025010859;DNI;P;32828244;;;;;;;;;1;T10339";946
Registro ya informado o campo ORDEN mal generado;"A;L;19900000154;IMV010A98;;10;2013-05-13;1500100009027540;DNI;P;33824489;;;;;;;;;1;T10339";946
Registro ya informado o campo ORDEN mal generado;"A;L;19900000154;IMV010A98;;10;2013-05-17;1500300021001711;DNI;P;24433570;;;;;;;;;1;T10339";946
Registro ya informado o campo ORDEN mal generado;"A;L;19900000154;IMV010A98;;10;2013-05-20;1500100009031523;DNI;P;29744619;;;;;;;;;1;T10339";946
Registro ya informado o campo ORDEN mal generado;"A;L;19800000180;IMV010A98;;10;2013-02-19;1500100013010543;DNI;P;23753154;;;;;;;;;1;T03650";946
Registro ya informado o campo ORDEN mal generado;"A;L;19400000094;IMV010A98;;10;2013-03-18;1500700007298698;DNI;P;38065065;;;;;;;;;1;T06131";946
Registro ya informado o campo ORDEN mal generado;"A;L;100043345;IMV010A98;;10;2013-05-06;1500100016005291;DNI;P;35199749;;;;;;;;;1;T01326";946
Registro ya informado o campo ORDEN mal generado;"A;L;100043345;IMV010A98;;10;2013-05-13;1500100011013346;DNI;P;32143907;;;;;;;;;1;T01326";946
Registro ya informado o campo ORDEN mal generado;"A;L;100043345;IMV010A98;;10;2013-05-13;1500400004004918;DNI;P;33966099;;;;;;;;;1;T01326";946
Registro ya informado o campo ORDEN mal generado;"A;L;100043345;IMV010A98;;10;2013-05-09;1500100015025641;DNI;P;31040382;;;;;;;;;1;T01326";946
Registro ya informado o campo ORDEN mal generado;"A;L;100043345;IMV010A98;;10;2013-03-07;1500100016005291;DNI;P;35199749;;;;;;;;;1;T01326";946
