motivo;registro_rechazado;lote
Registro ya informado o campo ORDEN mal generado;"A;D;4950;CTC001A97;;40;2013-04-03;1402402426740921;DNI;P;52630406;;;;;;;;;1;G12162";948
Registro ya informado o campo ORDEN mal generado;"A;D;4950;CTC001R74;;10;2013-04-03;1402402426747646;DNI;P;35106546;;;;;;;;;1;G12162";948
Registro ya informado o campo ORDEN mal generado;"A;D;4950;COT017W86;;15;2013-04-04;1402402426738297;DNI;P;39702341;;;;;;;;;1;G12162";948
Registro ya informado o campo ORDEN mal generado;"A;D;4950;MEM02;;10;2013-04-04;1402402426745260;DNI;P;38780365;;;;;;;;;1;G12162";948
Registro ya informado o campo ORDEN mal generado;"A;D;4950;MEM04;;15;2013-04-04;1402402426745260;DNI;P;38780365;;;;;;;;;1;G12162";948
Registro ya informado o campo ORDEN mal generado;"A;D;4950;MEM06;;10;2013-04-04;1402402426745260;DNI;P;38780365;;;;;;;;;1;G12162";948
Registro ya informado o campo ORDEN mal generado;"A;D;4950;CTC001A97;;40;2013-04-08;1400900901000394;DNI;P;49206707;;;;;;;;;1;G12162";948
Registro ya informado o campo ORDEN mal generado;"A;D;4950;CTC001A97;;40;2013-04-08;1402402426740921;DNI;P;52630406;;;;;;;;;1;G12162";948
Registro ya informado o campo ORDEN mal generado;"A;D;4950;CTC001T91;;10;2013-04-08;1400800803001714;DNI;P;48408364;;;;;;;;;1;G12162";948
Registro ya informado o campo ORDEN mal generado;"A;D;4950;CTC001A97;;40;2013-04-10;1400900901000517;DNI;P;50677398;;;;;;;;;1;G12162";948
Registro ya informado o campo ORDEN mal generado;"A;D;4950;CTC001A97;;40;2013-04-15;1402302303019073;DNI;P;51394691;;;;;;;;;1;G12162";948
Registro ya informado o campo ORDEN mal generado;"A;D;4950;CTC001A97;;40;2013-04-16;1400900901000321;DNI;P;49283911;;;;;;;;;1;G12162";948
Registro ya informado o campo ORDEN mal generado;"A;D;4950;CTC001T91;;10;2013-04-16;1402402407019759;DNI;P;50952429;;;;;;;;;1;G12162";948
Registro ya informado o campo ORDEN mal generado;"A;D;4950;CTC001A97;;40;2013-04-22;1402402407023394;DNI;P;51273465;;;;;;;;;1;G12162";948
Registro ya informado o campo ORDEN mal generado;"A;D;4950;CTC001T91;;10;2013-04-22;1400900901000115;DNI;P;48973980;;;;;;;;;1;G12162";948
Registro ya informado o campo ORDEN mal generado;"A;D;4950;CTC001A97;;40;2013-04-23;1402302303019073;DNI;P;51394691;;;;;;;;;1;G12162";948
Registro ya informado o campo ORDEN mal generado;"A;D;4950;CTC001R74;;10;2013-04-23;1402302303019073;DNI;P;51394691;;;;;;;;;1;G12162";948
Registro ya informado o campo ORDEN mal generado;"A;D;4950;CTC006W78;;40;2013-04-24;1400900901000357;DNI;P;32053365;;;;;;;;;1;G12162";948
Registro ya informado o campo ORDEN mal generado;"A;D;4950;CTC001A97;;40;2013-04-25;1400900901000174;DNI;P;48659267;;;;;;;;;1;G12162";948
Registro ya informado o campo ORDEN mal generado;"A;D;4950;CTC006W78;;40;2013-04-25;1402402426745260;DNI;P;38780365;;;;;;;;;1;G12162";948
Registro ya informado o campo ORDEN mal generado;"A;D;4950;CTC001T91;;10;2013-04-26;1400200204007611;DNI;P;49972112;;;;;;;;;1;G12162";948
Registro ya informado o campo ORDEN mal generado;"A;D;4950;CTC001A97;;40;2013-04-30;1402402426740921;DNI;P;52630406;;;;;;;;;1;G12162";948
Registro ya informado o campo ORDEN mal generado;"A;L;5147;ITE013P07.0;;2120;2012-09-05;1402402426736285;DNI;P;39581326;;;;;;;;;1;G07111";948
Registro ya informado o campo ORDEN mal generado;"A;D;5147;ITE014P07.0;;1940;2012-12-24;1402402426744713;DNI;P;40171121;;;;;;;;;1;G07111";948
Registro ya informado o campo ORDEN mal generado;"A;D;5147;ITQ011Q41;;1940;2012-12-24;1402402426744896;DNI;P;33634605;;;;;;;;;1;G07111";948
Registro ya informado o campo ORDEN mal generado;"A;D;5147;ITQ011Q41;;3065;2012-12-24;1402402426744896;DNI;P;33634605;;;;;;;;;2;G07111";948
Registro ya informado o campo ORDEN mal generado;"A;D;5147;ITQ011Q41;;3360;2012-12-24;1402402426744896;DNI;P;33634605;;;;;;;;;3;G07111";948
Registro ya informado o campo ORDEN mal generado;"A;D;5147;ITQ011Q41;;7000;2012-12-24;1402402426744896;DNI;P;33634605;;;;;;;;;4;G07111";948
Registro ya informado o campo ORDEN mal generado;"A;D;5147;ITE013P07.0;;2120;2012-12-26;1402402426744713;DNI;P;40171121;;;;;;;;;1;G07111";948
Registro ya informado o campo ORDEN mal generado;"A;D;5151;ITE011O16;;820;2012-10-02;1402402426724271;DNI;P;43361127;;;;;;;;;1;G07111";948
Registro ya informado o campo ORDEN mal generado;"A;D;5338;CTC001A97;;40;2012-09-03;1402102101001852;DNI;P;48911736;;;;;;;;;1;G07102";948
Registro ya informado o campo ORDEN mal generado;"A;D;5338;CTC002R74;;10;2012-09-03;1402102101002081;DNI;P;49494591;;;;;;;;;1;G07102";948
Registro ya informado o campo ORDEN mal generado;"A;D;5338;CTC001A97;;40;2012-09-06;1402102101001468;DNI;P;47443178;;;;;;;;;1;G07102";948
Registro ya informado o campo ORDEN mal generado;"A;D;5338;CTC001A97;;40;2012-09-06;1402102101001639;DNI;P;47936380;;;;;;;;;1;G07102";948
Registro ya informado o campo ORDEN mal generado;"A;D;5338;CTC001A97;;40;2012-09-06;1402102101001977;DNI;P;49284024;;;;;;;;;1;G07102";948
Registro ya informado o campo ORDEN mal generado;"A;D;5338;CTC001T91;;10;2012-09-07;1402102101002109;DNI;P;49645214;;;;;;;;;1;G07102";948
Registro ya informado o campo ORDEN mal generado;"A;D;5338;CTC001A97;;40;2012-09-10;1402102101001481;DNI;P;47936021;;;;;;;;;1;G07102";948
Registro ya informado o campo ORDEN mal generado;"A;D;5338;CTC001A97;;40;2012-09-10;1402102101001601;DNI;P;47936378;;;;;;;;;1;G07102";948
Registro ya informado o campo ORDEN mal generado;"A;D;5338;CTC001A97;;40;2012-09-10;1402102101001699;DNI;P;47936396;;;;;;;;;1;G07102";948
Registro ya informado o campo ORDEN mal generado;"A;D;5338;CTC001A97;;40;2012-09-10;1402102101001924;DNI;P;47936372;;;;;;;;;1;G07102";948
Registro ya informado o campo ORDEN mal generado;"A;D;5338;CTC001A97;;40;2012-09-11;1402102101001470;DNI;P;47407750;;;;;;;;;1;G07102";948
Registro ya informado o campo ORDEN mal generado;"A;D;5338;CTC012D02;;10;2012-09-12;1402102101001439;DNI;P;47733192;;;;;;;;;1;G07102";948
Registro ya informado o campo ORDEN mal generado;"A;D;5338;CTC001A97;;40;2012-09-13;1402102101001434;DNI;P;47733195;;;;;;;;;1;G07102";948
Registro ya informado o campo ORDEN mal generado;"A;D;5338;CTC001A97;;40;2012-09-13;1402102101001482;DNI;P;47936028;;;;;;;;;1;G07102";948
Registro ya informado o campo ORDEN mal generado;"A;D;5338;CTC001A97;;40;2012-09-13;1402102101001559;DNI;P;48227517;;;;;;;;;1;G07102";948
Registro ya informado o campo ORDEN mal generado;"A;D;5338;CTC001A97;;40;2012-09-13;1402102101001780;DNI;P;47974067;;;;;;;;;1;G07102";948
Registro ya informado o campo ORDEN mal generado;"A;D;5338;CTC001A97;;40;2012-09-13;1402102101002443;DNI;P;47936389;;;;;;;;;1;G07102";948
Registro ya informado o campo ORDEN mal generado;"A;D;5338;CTC012F76;;10;2012-09-15;1401901901005363;DNI;P;48409120;;;;;;;;;1;G07102";948
Registro ya informado o campo ORDEN mal generado;"A;D;5338;CTC001A97;;40;2012-09-17;1402102101001369;DNI;P;47407742;;;;;;;;;1;G07102";948
Registro ya informado o campo ORDEN mal generado;"A;D;5338;CTC001A97;;40;2012-09-20;1402102101001370;DNI;P;47407738;;;;;;;;;1;G07102";948
Registro ya informado o campo ORDEN mal generado;"A;D;5338;CTC001A97;;40;2012-09-20;1402102101001469;DNI;P;47407746;;;;;;;;;1;G07102";948
Registro ya informado o campo ORDEN mal generado;"A;D;5338;CTC001A97;;40;2012-09-20;1402102101001545;DNI;P;47455411;;;;;;;;;1;G07102";948
Registro ya informado o campo ORDEN mal generado;"A;D;5338;CTC001A97;;40;2012-09-20;1402102101001545;DNI;P;47455411;;;;;;;;;2;G07102";948
Registro ya informado o campo ORDEN mal generado;"A;D;5338;CTC001A97;;40;2012-09-20;1402102101001911;DNI;P;48911749;;;;;;;;;1;G07102";948
Registro ya informado o campo ORDEN mal generado;"A;D;5338;CTC012D01;;10;2012-09-21;1402102101001437;DNI;P;47733198;;;;;;;;;1;G07102";948
Registro ya informado o campo ORDEN mal generado;"A;D;5338;CTC001A97;;40;2012-09-24;1402102101001575;DNI;P;48212247;;;;;;;;;1;G07102";948
Registro ya informado o campo ORDEN mal generado;"A;D;5338;CTC001A97;;40;2012-09-27;1402102101001480;DNI;P;47936029;;;;;;;;;1;G07102";948
Registro ya informado o campo ORDEN mal generado;"A;D;5338;CTC001A97;;40;2012-09-27;1402102101001606;DNI;P;48212254;;;;;;;;;1;G07102";948
Registro ya informado o campo ORDEN mal generado;"A;D;5338;IMV001A98;;20;2012-09-27;1402102101001370;DNI;P;47407738;;;;;;;;;1;G07102";948
Registro ya informado o campo ORDEN mal generado;"A;D;5338;IMV002A98;;20;2012-09-27;1402102101001370;DNI;P;47407738;;;;;;;;;1;G07102";948
Registro ya informado o campo ORDEN mal generado;"A;D;5338;IMV006A98;;20;2012-09-27;1402102101001370;DNI;P;47407738;;;;;;;;;1;G07102";948
Registro ya informado o campo ORDEN mal generado;"A;D;5339;CTC001A97;;40;2012-10-04;1402102101001439;DNI;P;47733192;;;;;;;;;1;G07102";948
Registro ya informado o campo ORDEN mal generado;"A;D;5339;CTC001R74;;10;2012-10-10;1402102101001469;DNI;P;47407746;;;;;;;;;1;G07102";948
Registro ya informado o campo ORDEN mal generado;"A;D;5339;CTC001A97;;40;2012-10-11;1402102101001481;DNI;P;47936021;;;;;;;;;1;G07102";948
Registro ya informado o campo ORDEN mal generado;"A;D;5339;CTC001D11;;10;2012-10-11;1402102101001434;DNI;P;47733195;;;;;;;;;1;G07102";948
Registro ya informado o campo ORDEN mal generado;"A;D;5339;CTC001D11;;10;2012-10-11;1402102101001559;DNI;P;48227517;;;;;;;;;1;G07102";948
Registro ya informado o campo ORDEN mal generado;"A;D;5339;CTC001D11;;10;2012-10-11;1402102101001924;DNI;P;47936372;;;;;;;;;1;G07102";948
Registro ya informado o campo ORDEN mal generado;"A;D;5339;CTC001D11;;10;2012-10-11;1402102101001977;DNI;P;49284024;;;;;;;;;1;G07102";948
Registro ya informado o campo ORDEN mal generado;"A;D;5339;CTC001R74;;10;2012-10-11;1402102101001434;DNI;P;47733195;;;;;;;;;1;G07102";948
Registro ya informado o campo ORDEN mal generado;"A;D;5339;CTC001T91;;10;2012-10-11;1402102101001699;DNI;P;47936396;;;;;;;;;1;G07102";948
Registro ya informado o campo ORDEN mal generado;"A;D;5339;CTC001A97;;40;2012-10-12;1402102101002089;DNI;P;49494599;;;;;;;;;1;G07102";948
Registro ya informado o campo ORDEN mal generado;"A;D;5339;CTC001A97;;40;2012-10-18;1402102101001482;DNI;P;47936028;;;;;;;;;1;G07102";948
Registro ya informado o campo ORDEN mal generado;"A;D;5339;CTC001A97;;40;2012-10-22;1402102101001438;DNI;P;47407745;;;;;;;;;1;G07102";948
Registro ya informado o campo ORDEN mal generado;"A;D;5339;CTC001A97;;40;2012-10-22;1402102101001469;DNI;P;47407746;;;;;;;;;1;G07102";948
Registro ya informado o campo ORDEN mal generado;"A;D;5339;CTC001A97;;40;2012-10-22;1402102101001606;DNI;P;48212254;;;;;;;;;1;G07102";948
Registro ya informado o campo ORDEN mal generado;"A;D;5339;CTC001A97;;40;2012-10-22;1402102101002109;DNI;P;49645214;;;;;;;;;1;G07102";948
Registro ya informado o campo ORDEN mal generado;"A;D;5339;CTC001A97;;40;2012-10-23;1402102101001612;DNI;P;47974064;;;;;;;;;1;G07102";948
Registro ya informado o campo ORDEN mal generado;"A;D;5339;CTC001A97;;40;2012-10-23;1402102101002224;DNI;P;49579647;;;;;;;;;1;G07102";948
Registro ya informado o campo ORDEN mal generado;"A;D;5339;CTC001D11;;10;2012-10-29;1402102101001437;DNI;P;47733198;;;;;;;;;1;G07102";948
Registro ya informado o campo ORDEN mal generado;"A;L;5392;ITE008P05;;250;2013-02-25;1402402426745322;DNI;P;36042647;;;;;;;;;1;G07107";948
Registro ya informado o campo ORDEN mal generado;"A;D;5564;LMI47;18;4;2012-12-05;1402402426745215;DNI;P;25510888;;;;;;;;;1;G98926";948
Registro ya informado o campo ORDEN mal generado;"A;D;5564;LBL065A97;;3;2012-12-10;1402402406000172;DNI;P;43289583;;;;;;;;;1;G98926";948
Registro ya informado o campo ORDEN mal generado;"A;L;5564;PRP008A97;;5;2012-12-10;1401801802001756;DNI;P;47733480;;;;;;;;;1;G98926";948
Registro ya informado o campo ORDEN mal generado;"A;L;5564;PRP008A97;;5;2012-12-10;1402202201003876;DNI;P;48745210;;;;;;;;;1;G98926";948
Registro ya informado o campo ORDEN mal generado;"A;L;5564;PRP008A97;;5;2012-12-10;1402202201004440;DNI;P;48745220;;;;;;;;;1;G98926";948
Registro ya informado o campo ORDEN mal generado;"A;L;5564;PRP008A97;;5;2012-12-10;1402202201005797;DNI;P;50119923;;;;;;;;;1;G98926";948
Registro ya informado o campo ORDEN mal generado;"A;L;5564;PRP008A97;;5;2012-12-10;1402202201006119;DNI;P;50005084;;;;;;;;;1;G98926";948
Registro ya informado o campo ORDEN mal generado;"A;L;5564;PRP008A97;;5;2012-12-10;1402202201006120;DNI;P;47733499;;;;;;;;;1;G98926";948
Registro ya informado o campo ORDEN mal generado;"A;L;5564;PRP008A97;;5;2012-12-10;1402302304003687;DNI;P;49350033;;;;;;;;;1;G98926";948
Registro ya informado o campo ORDEN mal generado;"A;L;5564;PRP008A97;;5;2012-12-12;1401301301003201;DNI;P;48745240;;;;;;;;;1;G98926";948
Registro ya informado o campo ORDEN mal generado;"A;L;5564;PRP008A97;;5;2012-12-12;1402402401006307;DNI;P;47974255;;;;;;;;;1;G98926";948
Registro ya informado o campo ORDEN mal generado;"A;L;5564;PRP008A97;;5;2012-12-13;1401301301004936;DNI;P;48745235;;;;;;;;;1;G98926";948
Registro ya informado o campo ORDEN mal generado;"A;D;5564;LBL065A97;;3;2012-12-19;1402102102000819;DNI;P;34104927;;;;;;;;;1;G98926";948
Registro ya informado o campo ORDEN mal generado;"A;D;5564;LMI47;18;4;2012-12-26;1402402426744670;DNI;P;39413607;;;;;;;;;1;G98926";948
Registro ya informado o campo ORDEN mal generado;"A;L;5813;PRP025A98;;10;2012-10-03;1402102101001210;DNI;P;46488235;;;;;;;;;1;G07609";948
Registro ya informado o campo ORDEN mal generado;"A;L;5813;CTC001T82;;15;2012-10-10;1402102101001215;DNI;P;46996234;;;;;;;;;1;G07609";948
Registro ya informado o campo ORDEN mal generado;"A;D;5602;CTC001A97;;40;2013-05-13;1402402426734685;DNI;P;28143639;;;;;;;;;1;G07073";948
Registro ya informado o campo ORDEN mal generado;"A;D;5602;CTC001A97;;40;2013-05-13;1402402426747467;DNI;P;26657090;;;;;;;;;1;G07073";948
Registro ya informado o campo ORDEN mal generado;"A;D;5602;TAT009A98;;50;2013-05-13;1400500502002332;DNI;P;34442843;;;;;;;;;1;G07073";948
Registro ya informado o campo ORDEN mal generado;"A;D;5602;TAT009A98;;50;2013-05-27;1401401401004116;DNI;P;34694146;;;;;;;;;1;G07073";948
Registro ya informado o campo ORDEN mal generado;"A;D;5602;TAT009A98;;50;2013-05-27;1401401401009565;DNI;P;34341035;;;;;;;;;1;G07073";948
Registro ya informado o campo ORDEN mal generado;"A;D;5602;TAT009A98;;50;2013-05-27;1401401401010297;DNI;P;37313240;;;;;;;;;1;G07073";948
Registro ya informado o campo ORDEN mal generado;"A;D;5602;TAT009A98;;50;2013-05-27;1401401401011812;DNI;P;29358931;;;;;;;;;1;G07073";948
Registro ya informado o campo ORDEN mal generado;"A;D;5602;TAT009A98;;50;2013-05-27;1401401401012356;DNI;P;25992454;;;;;;;;;1;G07073";948
Registro ya informado o campo ORDEN mal generado;"A;D;5602;TAT009A98;;50;2013-05-27;1401401401013009;DNI;P;33671468;;;;;;;;;1;G07073";948
Registro ya informado o campo ORDEN mal generado;"A;D;5602;TAT009A98;;50;2013-05-27;1402402407014140;DNI;P;29010545;;;;;;;;;1;G07073";948
Registro ya informado o campo ORDEN mal generado;"A;D;5602;TAT009A98;;50;2013-05-27;1402402407024762;DNI;P;37652196;;;;;;;;;1;G07073";948
Registro ya informado o campo ORDEN mal generado;"A;D;5602;TAT010A98;;50;2013-05-27;1401401401003806;DNI;P;30538951;;;;;;;;;1;G07073";948
Registro ya informado o campo ORDEN mal generado;"A;D;5602;TAT010A98;;50;2013-05-27;1401401401004116;DNI;P;34694146;;;;;;;;;1;G07073";948
Registro ya informado o campo ORDEN mal generado;"A;D;5602;TAT010A98;;50;2013-05-27;1401401401006527;DNI;P;33099642;;;;;;;;;1;G07073";948
Registro ya informado o campo ORDEN mal generado;"A;D;5602;TAT010A98;;50;2013-05-27;1401401401009565;DNI;P;34341035;;;;;;;;;1;G07073";948
Registro ya informado o campo ORDEN mal generado;"A;D;5602;TAT010A98;;50;2013-05-27;1401401401010297;DNI;P;37313240;;;;;;;;;1;G07073";948
Registro ya informado o campo ORDEN mal generado;"A;D;5602;TAT010A98;;50;2013-05-27;1401401401011812;DNI;P;29358931;;;;;;;;;1;G07073";948
Registro ya informado o campo ORDEN mal generado;"A;D;5602;TAT010A98;;50;2013-05-27;1401401401012356;DNI;P;25992454;;;;;;;;;1;G07073";948
Registro ya informado o campo ORDEN mal generado;"A;D;5602;TAT010A98;;50;2013-05-27;1401401401013009;DNI;P;33671468;;;;;;;;;1;G07073";948
Registro ya informado o campo ORDEN mal generado;"A;D;5602;TAT010A98;;50;2013-05-27;1402402407014140;DNI;P;29010545;;;;;;;;;1;G07073";948
Registro ya informado o campo ORDEN mal generado;"A;D;5602;TAT010A98;;50;2013-05-27;1402402407024762;DNI;P;37652196;;;;;;;;;1;G07073";948
Registro ya informado o campo ORDEN mal generado;"A;D;5602;TAT011A98;;50;2013-05-27;1401401401003806;DNI;P;30538951;;;;;;;;;1;G07073";948
Registro ya informado o campo ORDEN mal generado;"A;D;5602;TAT011A98;;50;2013-05-27;1401401401004116;DNI;P;34694146;;;;;;;;;1;G07073";948
Registro ya informado o campo ORDEN mal generado;"A;D;5602;TAT011A98;;50;2013-05-27;1401401401006527;DNI;P;33099642;;;;;;;;;1;G07073";948
Registro ya informado o campo ORDEN mal generado;"A;D;5602;TAT011A98;;50;2013-05-27;1401401401009565;DNI;P;34341035;;;;;;;;;1;G07073";948
Registro ya informado o campo ORDEN mal generado;"A;D;5602;TAT011A98;;50;2013-05-27;1401401401010297;DNI;P;37313240;;;;;;;;;1;G07073";948
Registro ya informado o campo ORDEN mal generado;"A;D;5602;TAT011A98;;50;2013-05-27;1401401401011812;DNI;P;29358931;;;;;;;;;1;G07073";948
Registro ya informado o campo ORDEN mal generado;"A;D;5602;TAT011A98;;50;2013-05-27;1401401401012356;DNI;P;25992454;;;;;;;;;1;G07073";948
Registro ya informado o campo ORDEN mal generado;"A;D;5602;TAT011A98;;50;2013-05-27;1401401401013009;DNI;P;33671468;;;;;;;;;1;G07073";948
Registro ya informado o campo ORDEN mal generado;"A;D;5602;TAT011A98;;50;2013-05-27;1402402407014140;DNI;P;29010545;;;;;;;;;1;G07073";948
Registro ya informado o campo ORDEN mal generado;"A;D;5602;TAT011A98;;50;2013-05-27;1402402407024762;DNI;P;37652196;;;;;;;;;1;G07073";948
Registro ya informado o campo ORDEN mal generado;"A;D;5602;TAT012A98;;50;2013-05-27;1401401401003806;DNI;P;30538951;;;;;;;;;1;G07073";948
Registro ya informado o campo ORDEN mal generado;"A;D;5602;TAT012A98;;50;2013-05-27;1401401401004116;DNI;P;34694146;;;;;;;;;1;G07073";948
Registro ya informado o campo ORDEN mal generado;"A;D;5602;TAT012A98;;50;2013-05-27;1401401401006527;DNI;P;33099642;;;;;;;;;1;G07073";948
Registro ya informado o campo ORDEN mal generado;"A;D;5602;TAT012A98;;50;2013-05-27;1401401401009565;DNI;P;34341035;;;;;;;;;1;G07073";948
Registro ya informado o campo ORDEN mal generado;"A;D;5602;TAT012A98;;50;2013-05-27;1401401401010297;DNI;P;37313240;;;;;;;;;1;G07073";948
Registro ya informado o campo ORDEN mal generado;"A;D;5602;TAT012A98;;50;2013-05-27;1401401401011812;DNI;P;29358931;;;;;;;;;1;G07073";948
Registro ya informado o campo ORDEN mal generado;"A;D;5602;TAT012A98;;50;2013-05-27;1401401401012356;DNI;P;25992454;;;;;;;;;1;G07073";948
Registro ya informado o campo ORDEN mal generado;"A;D;5602;TAT012A98;;50;2013-05-27;1401401401013009;DNI;P;33671468;;;;;;;;;1;G07073";948
Registro ya informado o campo ORDEN mal generado;"A;D;5602;TAT012A98;;50;2013-05-27;1402402407014140;DNI;P;29010545;;;;;;;;;1;G07073";948
Registro ya informado o campo ORDEN mal generado;"A;D;5602;TAT012A98;;50;2013-05-27;1402402407024762;DNI;P;37652196;;;;;;;;;1;G07073";948
Registro ya informado o campo ORDEN mal generado;"A;L;5779;CTC001T83;;15;2013-01-10;1402102101001602;DNI;P;47936373;;;;;;;;;1;G07102";948
Registro ya informado o campo ORDEN mal generado;"A;D;5602;TAT009A98;;50;2013-05-13;1401401401003812;DNI;P;28577176;;;;;;;;;1;G07073";948
Registro ya informado o campo ORDEN mal generado;"A;D;5602;TAT009A98;;50;2013-05-13;1401401401004125;DNI;P;32160882;;;;;;;;;1;G07073";948
Registro ya informado o campo ORDEN mal generado;"A;D;5602;TAT009A98;;50;2013-05-13;1401401401004571;DNI;P;26576450;;;;;;;;;1;G07073";948
Registro ya informado o campo ORDEN mal generado;"A;D;5602;TAT009A98;;50;2013-05-13;1401401401004661;DNI;P;28754415;;;;;;;;;1;G07073";948
Registro ya informado o campo ORDEN mal generado;"A;D;5602;TAT009A98;;50;2013-05-13;1401401401004707;DNI;P;30538512;;;;;;;;;1;G07073";948
Registro ya informado o campo ORDEN mal generado;"A;D;5602;TAT009A98;;50;2013-05-13;1401401401005479;DNI;P;28754338;;;;;;;;;1;G07073";948
Registro ya informado o campo ORDEN mal generado;"A;D;5602;TAT009A98;;50;2013-05-13;1401401401009037;DNI;P;35847299;;;;;;;;;1;G07073";948
Registro ya informado o campo ORDEN mal generado;"A;D;5602;TAT009A98;;50;2013-05-13;1401401401009607;DNI;P;33671025;;;;;;;;;1;G07073";948
Registro ya informado o campo ORDEN mal generado;"A;D;5602;TAT009A98;;50;2013-05-13;1401401401009793;DNI;P;21685526;;;;;;;;;1;G07073";948
Registro ya informado o campo ORDEN mal generado;"A;D;5602;TAT009A98;;50;2013-05-13;1401401401013140;DNI;P;35740949;;;;;;;;;1;G07073";948
Registro ya informado o campo ORDEN mal generado;"A;D;5602;TAT010A98;;50;2013-05-13;1400500502002332;DNI;P;34442843;;;;;;;;;1;G07073";948
Registro ya informado o campo ORDEN mal generado;"A;D;5602;TAT010A98;;50;2013-05-13;1401401401003812;DNI;P;28577176;;;;;;;;;1;G07073";948
Registro ya informado o campo ORDEN mal generado;"A;D;5602;TAT010A98;;50;2013-05-13;1401401401004125;DNI;P;32160882;;;;;;;;;1;G07073";948
Registro ya informado o campo ORDEN mal generado;"A;D;5602;TAT010A98;;50;2013-05-13;1401401401004571;DNI;P;26576450;;;;;;;;;1;G07073";948
Registro ya informado o campo ORDEN mal generado;"A;D;5602;TAT010A98;;50;2013-05-13;1401401401004661;DNI;P;28754415;;;;;;;;;1;G07073";948
Registro ya informado o campo ORDEN mal generado;"A;D;5602;TAT010A98;;50;2013-05-13;1401401401004707;DNI;P;30538512;;;;;;;;;1;G07073";948
Registro ya informado o campo ORDEN mal generado;"A;D;5602;TAT010A98;;50;2013-05-13;1401401401005479;DNI;P;28754338;;;;;;;;;1;G07073";948
Registro ya informado o campo ORDEN mal generado;"A;D;5602;TAT010A98;;50;2013-05-13;1401401401009037;DNI;P;35847299;;;;;;;;;1;G07073";948
Registro ya informado o campo ORDEN mal generado;"A;D;5602;TAT010A98;;50;2013-05-13;1401401401009607;DNI;P;33671025;;;;;;;;;1;G07073";948
Registro ya informado o campo ORDEN mal generado;"A;D;5602;TAT010A98;;50;2013-05-13;1401401401009793;DNI;P;21685526;;;;;;;;;1;G07073";948
Registro ya informado o campo ORDEN mal generado;"A;D;5602;TAT010A98;;50;2013-05-13;1401401401013140;DNI;P;35740949;;;;;;;;;1;G07073";948
Registro ya informado o campo ORDEN mal generado;"A;D;5602;TAT011A98;;50;2013-05-13;1400500502002332;DNI;P;34442843;;;;;;;;;1;G07073";948
Registro ya informado o campo ORDEN mal generado;"A;D;5602;TAT011A98;;50;2013-05-13;1401401401003812;DNI;P;28577176;;;;;;;;;1;G07073";948
Registro ya informado o campo ORDEN mal generado;"A;D;5602;TAT011A98;;50;2013-05-13;1401401401004125;DNI;P;32160882;;;;;;;;;1;G07073";948
Registro ya informado o campo ORDEN mal generado;"A;D;5602;TAT011A98;;50;2013-05-13;1401401401004571;DNI;P;26576450;;;;;;;;;1;G07073";948
Registro ya informado o campo ORDEN mal generado;"A;D;5602;TAT011A98;;50;2013-05-13;1401401401004661;DNI;P;28754415;;;;;;;;;1;G07073";948
Registro ya informado o campo ORDEN mal generado;"A;D;5602;TAT011A98;;50;2013-05-13;1401401401004707;DNI;P;30538512;;;;;;;;;1;G07073";948
Registro ya informado o campo ORDEN mal generado;"A;D;5602;TAT011A98;;50;2013-05-13;1401401401005479;DNI;P;28754338;;;;;;;;;1;G07073";948
Registro ya informado o campo ORDEN mal generado;"A;D;5602;TAT011A98;;50;2013-05-13;1401401401009037;DNI;P;35847299;;;;;;;;;1;G07073";948
Registro ya informado o campo ORDEN mal generado;"A;D;5602;TAT011A98;;50;2013-05-13;1401401401009607;DNI;P;33671025;;;;;;;;;1;G07073";948
Registro ya informado o campo ORDEN mal generado;"A;D;5602;TAT011A98;;50;2013-05-13;1401401401009793;DNI;P;21685526;;;;;;;;;1;G07073";948
Registro ya informado o campo ORDEN mal generado;"A;D;5602;TAT011A98;;50;2013-05-13;1401401401013140;DNI;P;35740949;;;;;;;;;1;G07073";948
Registro ya informado o campo ORDEN mal generado;"A;D;5602;TAT012A98;;50;2013-05-13;1400500502002332;DNI;P;34442843;;;;;;;;;1;G07073";948
Registro ya informado o campo ORDEN mal generado;"A;D;5602;TAT012A98;;50;2013-05-13;1401401401003812;DNI;P;28577176;;;;;;;;;1;G07073";948
Registro ya informado o campo ORDEN mal generado;"A;D;5602;TAT012A98;;50;2013-05-13;1401401401004125;DNI;P;32160882;;;;;;;;;1;G07073";948
Registro ya informado o campo ORDEN mal generado;"A;D;5602;TAT012A98;;50;2013-05-13;1401401401004571;DNI;P;26576450;;;;;;;;;1;G07073";948
Registro ya informado o campo ORDEN mal generado;"A;D;5602;TAT012A98;;50;2013-05-13;1401401401004661;DNI;P;28754415;;;;;;;;;1;G07073";948
Registro ya informado o campo ORDEN mal generado;"A;D;5602;TAT012A98;;50;2013-05-13;1401401401004707;DNI;P;30538512;;;;;;;;;1;G07073";948
Registro ya informado o campo ORDEN mal generado;"A;D;5602;TAT012A98;;50;2013-05-13;1401401401005479;DNI;P;28754338;;;;;;;;;1;G07073";948
Registro ya informado o campo ORDEN mal generado;"A;D;5602;TAT012A98;;50;2013-05-13;1401401401009037;DNI;P;35847299;;;;;;;;;1;G07073";948
Registro ya informado o campo ORDEN mal generado;"A;D;5602;TAT012A98;;50;2013-05-13;1401401401009607;DNI;P;33671025;;;;;;;;;1;G07073";948
Registro ya informado o campo ORDEN mal generado;"A;D;5602;TAT012A98;;50;2013-05-13;1401401401009793;DNI;P;21685526;;;;;;;;;1;G07073";948
Registro ya informado o campo ORDEN mal generado;"A;D;5602;TAT012A98;;50;2013-05-13;1401401401013140;DNI;P;35740949;;;;;;;;;1;G07073";948
Registro ya informado o campo ORDEN mal generado;"A;D;5602;TAT009A98;;50;2013-05-20;1401400001001278;DNI;P;25799229;;;;;;;;;1;G07073";948
Registro ya informado o campo ORDEN mal generado;"A;D;5602;TAT009A98;;50;2013-05-20;1401401401004709;DNI;P;33460289;;;;;;;;;1;G07073";948
Registro ya informado o campo ORDEN mal generado;"A;D;5602;TAT009A98;;50;2013-05-20;1401401401004944;DNI;P;27741638;;;;;;;;;1;G07073";948
Registro ya informado o campo ORDEN mal generado;"A;D;5602;TAT009A98;;50;2013-05-20;1401401401005127;DNI;P;29270417;;;;;;;;;1;G07073";948
Registro ya informado o campo ORDEN mal generado;"A;D;5602;TAT009A98;;50;2013-05-20;1401401401005344;DNI;P;31466434;;;;;;;;;1;G07073";948
Registro ya informado o campo ORDEN mal generado;"A;D;5602;TAT009A98;;50;2013-05-20;1401401401009086;DNI;P;27903550;;;;;;;;;1;G07073";948
Registro ya informado o campo ORDEN mal generado;"A;D;5602;TAT009A98;;50;2013-05-20;1401401401012334;DNI;P;36793690;;;;;;;;;1;G07073";948
Registro ya informado o campo ORDEN mal generado;"A;D;5602;TAT009A98;;50;2013-05-20;1401401401012853;DNI;P;38484891;;;;;;;;;1;G07073";948
Registro ya informado o campo ORDEN mal generado;"A;D;5602;TAT009A98;;50;2013-05-20;1402302304004601;DNI;P;45957955;;;;;;;;;1;G07073";948
Registro ya informado o campo ORDEN mal generado;"A;D;5602;TAT009A98;;50;2013-05-20;1402402407023853;DNI;P;35906187;;;;;;;;;1;G07073";948
Registro ya informado o campo ORDEN mal generado;"A;D;5602;TAT010A98;;50;2013-05-20;1401400001001278;DNI;P;25799229;;;;;;;;;1;G07073";948
Registro ya informado o campo ORDEN mal generado;"A;D;5602;TAT010A98;;50;2013-05-20;1401401401004709;DNI;P;33460289;;;;;;;;;1;G07073";948
Registro ya informado o campo ORDEN mal generado;"A;D;5602;TAT010A98;;50;2013-05-20;1401401401004944;DNI;P;27741638;;;;;;;;;1;G07073";948
Registro ya informado o campo ORDEN mal generado;"A;D;5602;TAT010A98;;50;2013-05-20;1401401401005127;DNI;P;29270417;;;;;;;;;1;G07073";948
Registro ya informado o campo ORDEN mal generado;"A;D;5602;TAT010A98;;50;2013-05-20;1401401401005344;DNI;P;31466434;;;;;;;;;1;G07073";948
Registro ya informado o campo ORDEN mal generado;"A;D;5602;TAT010A98;;50;2013-05-20;1401401401009086;DNI;P;27903550;;;;;;;;;1;G07073";948
Registro ya informado o campo ORDEN mal generado;"A;D;5602;TAT010A98;;50;2013-05-20;1401401401012334;DNI;P;36793690;;;;;;;;;1;G07073";948
Registro ya informado o campo ORDEN mal generado;"A;D;5602;TAT010A98;;50;2013-05-20;1401401401012853;DNI;P;38484891;;;;;;;;;1;G07073";948
Registro ya informado o campo ORDEN mal generado;"A;D;5602;TAT010A98;;50;2013-05-20;1402302304004601;DNI;P;45957955;;;;;;;;;1;G07073";948
Registro ya informado o campo ORDEN mal generado;"A;L;5602;TAT010A98;;50;2013-05-20;1402402407023853;DNI;P;35906187;;;;;;;;;1;G07073";948
Registro ya informado o campo ORDEN mal generado;"A;D;5602;TAT011A98;;50;2013-05-20;1401400001001278;DNI;P;25799229;;;;;;;;;1;G07073";948
Registro ya informado o campo ORDEN mal generado;"A;D;5602;TAT011A98;;50;2013-05-20;1401401401004709;DNI;P;33460289;;;;;;;;;1;G07073";948
Registro ya informado o campo ORDEN mal generado;"A;D;5602;TAT011A98;;50;2013-05-20;1401401401004944;DNI;P;27741638;;;;;;;;;1;G07073";948
Registro ya informado o campo ORDEN mal generado;"A;D;5602;TAT011A98;;50;2013-05-20;1401401401005127;DNI;P;29270417;;;;;;;;;1;G07073";948
Registro ya informado o campo ORDEN mal generado;"A;D;5602;TAT011A98;;50;2013-05-20;1401401401005344;DNI;P;31466434;;;;;;;;;1;G07073";948
Registro ya informado o campo ORDEN mal generado;"A;D;5602;TAT011A98;;50;2013-05-20;1401401401009086;DNI;P;27903550;;;;;;;;;1;G07073";948
Registro ya informado o campo ORDEN mal generado;"A;D;5602;TAT011A98;;50;2013-05-20;1401401401012334;DNI;P;36793690;;;;;;;;;1;G07073";948
Registro ya informado o campo ORDEN mal generado;"A;D;5602;TAT011A98;;50;2013-05-20;1401401401012853;DNI;P;38484891;;;;;;;;;1;G07073";948
Registro ya informado o campo ORDEN mal generado;"A;D;5602;TAT011A98;;50;2013-05-20;1402302304004601;DNI;P;45957955;;;;;;;;;1;G07073";948
Registro ya informado o campo ORDEN mal generado;"A;D;5602;TAT011A98;;50;2013-05-20;1402402407023853;DNI;P;35906187;;;;;;;;;1;G07073";948
Registro ya informado o campo ORDEN mal generado;"A;D;5602;TAT012A98;;50;2013-05-20;1401400001001278;DNI;P;25799229;;;;;;;;;1;G07073";948
Registro ya informado o campo ORDEN mal generado;"A;D;5602;TAT012A98;;50;2013-05-20;1401401401004709;DNI;P;33460289;;;;;;;;;1;G07073";948
Registro ya informado o campo ORDEN mal generado;"A;D;5602;TAT012A98;;50;2013-05-20;1401401401004944;DNI;P;27741638;;;;;;;;;1;G07073";948
Registro ya informado o campo ORDEN mal generado;"A;D;5602;TAT012A98;;50;2013-05-20;1401401401005127;DNI;P;29270417;;;;;;;;;1;G07073";948
Registro ya informado o campo ORDEN mal generado;"A;D;5602;TAT012A98;;50;2013-05-20;1401401401005344;DNI;P;31466434;;;;;;;;;1;G07073";948
Registro ya informado o campo ORDEN mal generado;"A;D;5602;TAT012A98;;50;2013-05-20;1401401401009086;DNI;P;27903550;;;;;;;;;1;G07073";948
Registro ya informado o campo ORDEN mal generado;"A;D;5602;TAT012A98;;50;2013-05-20;1401401401012334;DNI;P;36793690;;;;;;;;;1;G07073";948
Registro ya informado o campo ORDEN mal generado;"A;D;5602;TAT012A98;;50;2013-05-20;1401401401012853;DNI;P;38484891;;;;;;;;;1;G07073";948
Registro ya informado o campo ORDEN mal generado;"A;D;5602;TAT012A98;;50;2013-05-20;1402302304004601;DNI;P;45957955;;;;;;;;;1;G07073";948
Registro ya informado o campo ORDEN mal generado;"A;D;5602;TAT012A98;;50;2013-05-20;1402402407023853;DNI;P;35906187;;;;;;;;;1;G07073";948
Registro ya informado o campo ORDEN mal generado;"A;D;5602;TAT009A98;;50;2013-05-27;1401401401003806;DNI;P;30538951;;;;;;;;;1;G07073";948
Registro ya informado o campo ORDEN mal generado;"A;L;6289;ITQ001W90;;150;2013-06-30;1402302305002246;DNI;P;33453470;;;;;;;;;1;G07110";948
