motivo;registro_rechazado;lote
No cumple con los campos minimos requeridos;"";914
Codigo de prestacion se encuentra fuera de los existentes;"A;L;2840;IGR031O10;;25;2013-05-13;1900100002016031;DNI;P;33387590;;;;;;;;;1;P06468";914
Codigo de prestacion se encuentra fuera de los existentes;"A;L;7736;ITE009O24;;500;2013-06-07;1900199942014996;DNI;P;37825613;;;;;;;;;1;P06447";914
Codigo de prestacion se encuentra fuera de los existentes;"A;L;7736;ITE007O.1;;1600;2013-06-07;1999999901037274;DNI;A;39980262;;;;;;;;;1;P06447";914
 El valor 9999999999999999 para la clave de beneficiario solo es valida para practicas de comunidad;"A;L;2987;COT020A98;;30;2013-05-27;9999999999999999;;;34214342;;;;;;;;;1;P03784";914
 El valor 9999999999999999 para la clave de beneficiario solo es valida para practicas de comunidad;"A;L;2987;COT020A98;;30;2013-05-09;9999999999999999;;;22261287;;;;;;;;;1;P03784";914
