motivo;registro_rechazado;lote
 Valor invalido en campo IMPORTE PAGADO;"G98901;3163-3165;FC;2012-12-10;2012-12-13;2013-01-11;2013-01-04;2013-01-11;3.175.00;3.175.00;;Pago orden numero 007/2013";858
 Valor invalido en campo IMPORTE PAGADO;"G07101;47-49;FC;2012-12-14;2012-12-14;2013-01-11;2013-01-04;2013-01-11;8.670.00;8.030.00;;Pago orden numero 009/2013";858
 Valor invalido en campo IMPORTE PAGADO;"G12020;144-146;FC;2012-12-10;2012-12-12;2013-01-11;2013-01-04;2013-01-11;5.030.00;4.530.00;;Pago orden numero 011/2013";858
 Valor invalido en campo IMPORTE PAGADO;"G03591;1072;FC;2012-12-14;2012-12-18;2013-01-11;2013-01-04;2013-01-11;1.380.00;1.265.00;;Pago orden numero 012/2013";858
 Valor invalido en campo IMPORTE ;"G03610;295;FC;2012-12-17;2012-12-19;2013-01-11;2013-01-04;2013-01-11;1.270.00;970;;Pago orden numero 013/2013";858
 Valor invalido en campo IMPORTE ;"G07493;294;FC;2012-12-17;2012-12-19;2013-01-11;2013-01-04;2013-01-11;1.255.00;940;;Pago orden numero 013/2013";858
 Valor invalido en campo IMPORTE PAGADO;"G07118;94;FC;2012-12-14;2012-12-14;2013-01-11;2013-01-04;2013-01-11;3.620.00;3.250.00;;Pago orden numero 014/2013";858
 Valor invalido en campo IMPORTE ;"G09252;393;FC;2012-12-17;2012-12-18;2013-01-11;2013-01-04;2013-01-11;1.130.00;885;;Pago orden numero 017/2013";858
 Valor invalido en campo IMPORTE ;"G09275;397;FC;2012-12-17;2012-12-18;2013-01-11;2013-01-04;2013-01-11;1.160.00;890;;Pago orden numero 017/2013";858
 Valor invalido en campo IMPORTE PAGADO;"G09277;391;FC;2012-12-17;2012-12-18;2013-01-11;2013-01-04;2013-01-11;1.950.00;1.780.00;;Pago orden numero 017/2013";858
 Valor invalido en campo IMPORTE PAGADO;"G07110;573-578;FC;2012-12-14;2012-12-17;2013-01-11;2013-01-07;2013-01-11;10.045.00;8.925.00;;Pago orden numero 031/2013";858
 Valor invalido en campo IMPORTE PAGADO;"G09264;227;FC;2012-12-17;2012-12-26;2013-01-11;2013-01-07;2013-01-11;3.675.00;2.495.00;;Pago orden numero 030/2013";858
 Valor invalido en campo IMPORTE PAGADO;"G07514;3190;FC;2012-12-21;2012-12-27;2013-01-11;2013-01-07;2013-01-11;1.790.00;1.790.00;;Pago orden numero 029/2013";858
 Valor invalido en campo IMPORTE PAGADO;"G07514;3191;FC;2012-12-27;2012-12-27;2013-01-11;2013-01-07;2013-01-11;6.651.00;6.651.00;;Pago orden numero 029/2013";858
 Valor invalido en campo IMPORTE PAGADO;"G07087;3210/3202;FC;2012-12-26;2012-12-27;2013-01-11;2013-01-07;2013-01-11;16.732.50;16.732.50;;Pago orden numero 028/2013";858
 Valor invalido en campo IMPORTE PAGADO;"G98925;19;FC;2012-12-15;2012-12-18;2013-01-11;2013-01-07;2013-01-11;1.135.00;1.055.00;;Pago orden numero 027/2013";858
 Valor invalido en campo IMPORTE PAGADO;"G03576;398;FC;2012-12-10;2012-12-13;2013-01-11;2013-01-07;2013-01-11;5.045.00;2.225.00;;Pago orden numero 026/2013";858
 Valor invalido en campo IMPORTE PAGADO;"G03568;1497-1500;FC;2012-12-10;2012-12-27;2013-01-11;2013-01-07;2013-01-11;10.165.00;9.250.00;;Pago orden numero 025/2013";858
 Valor invalido en campo IMPORTE PAGADO;"G12090;922-923;FC;2012-11-28;2012-12-12;2013-01-11;2013-01-07;2013-01-11;3.620.00;3.190.00;;Pago orden numero 024/2013";858
 Valor invalido en campo IMPORTE PAGADO;"G07081;1011;FC;2012-12-17;2012-12-20;2013-01-11;2013-01-07;2013-01-11;8.490.00;6.860.00;;Pago orden numero 023/2013";858
 Valor invalido en campo IMPORTE PAGADO;"G07694;400;FC;2012-12-17;2012-12-18;2013-01-11;2013-01-04;2013-01-11;2.090.00;1.635.00;;Pago orden numero 017/2013";858
 Valor invalido en campo IMPORTE PAGADO;"G07100;3188;FC;2012-12-20;2012-12-27;2013-01-11;2013-01-07;2013-01-11;6.480.00;6.480.00;;Pago orden numero 022/2013";858
 Valor invalido en campo IMPORTE PAGADO;"G07084;740;FC;2012-12-17;2012-12-17;2013-01-11;2013-01-07;2013-01-11;5.275.00;4.530.00;;Pago orden numero 021/2013";858
 Valor invalido en campo IMPORTE PAGADO;"G98906;3192-3194;FC;2012-12-26;2012-12-27;2013-01-11;2013-01-07;2013-01-11;3.975.00;3.975.00;;Pago orden numero 020/2013";858
 Valor invalido en campo IMPORTE PAGADO;"G7099;3200;FC;2012-12-26;2012-12-28;2013-01-11;2013-01-07;2013-01-11;5.086.00;5.086.00;;Pago orden numero 019/2013";858
 Valor invalido en campo IMPORTE PAGADO;"G07116;405/406;FC;2012-12-17;2012-12-19;2013-01-11;2013-01-10;2013-01-11;2.885.00;2.350.00;;Pago orden numero 058/2013";858
 Valor invalido en campo IMPORTE PAGADO;"G07096;406/413;FC;2012-12-19;2012-12-27;2013-01-11;2013-01-10;2013-01-11;8.370.00;5.825.00;;Pago orden numero 056/2013";858
 Valor invalido en campo IMPORTE PAGADO;"G07106;191;FC;2012-12-17;2012-12-17;2013-01-11;2013-01-10;2013-01-11;2.210.00;1.830.00;;Pago orden numero 055/2013";858
 Valor invalido en campo IMPORTE PAGADO;"G07524;324;FC;2012-12-19;2012-12-20;2013-01-11;2013-01-10;2013-01-11;3.400.00;2.780.00;;Pago orden numero 054/2013";858
 Valor invalido en campo IMPORTE PAGADO;"G07526;320;FC;2012-12-17;2012-12-20;2013-01-11;2013-01-10;2013-01-11;1.300.00;1.200.00;;Pago orden numero 054/2013";858
 Valor invalido en campo IMPORTE PAGADO;"G07111;3084/3125/3126/349;FC;2012-11-30;2012-12-19;2013-01-11;2013-01-10;2013-01-11;66.251.00;65.623.00;;Pago orden numero 053/2013";858
 Valor invalido en campo IMPORTE PAGADO;"G07076;188;FC;2012-12-17;2012-12-19;2013-01-11;2013-01-10;2013-01-11;3.235.00;2.595.00;;Pago orden numero 052/2013";858
 Valor invalido en campo IMPORTE PAGADO;"G07078;21;FC;2012-12-17;2012-12-17;2013-01-11;2013-01-10;2013-01-11;7.225.00;5.880.00;;Pago orden numero 051/2013";858
 Valor invalido en campo IMPORTE PAGADO;"G98924;3212/3213;FC;2012-12-28;2013-01-03;2013-01-11;2013-01-10;2013-01-11;3.615.00;3.615.00;;Pago orden numero 050/2013";858
 Valor invalido en campo IMPORTE PAGADO;"G07092;3025/3110/3106;FC;2012-11-30;2013-01-04;2013-01-11;2013-01-10;2013-01-11;41.827.00;41.827.00;;Pago orden numero 047/2013";858
 Valor invalido en campo IMPORTE PAGADO;"G07113;3261/3262;FC;2013-01-02;2013-01-03;2013-01-11;2013-01-10;2013-01-11;4.328.00;4.328.00;;Pago orden numero 046/2013";858
 Valor invalido en campo IMPORTE PAGADO;"G03577;3222/3223/3226;FC;2013-01-02;2013-01-04;2013-01-11;2013-01-10;2013-01-11;5.337.00;5.337.00;;Pago orden numero 045/2013";858
 Valor invalido en campo IMPORTE PAGADO;"G98902;144/145;FC;2012-11-10;2012-12-21;2013-01-11;2013-01-10;2013-01-11;3.320.00;2.765.00;;Pago orden numero 044/2013";858
 Valor invalido en campo IMPORTE PAGADO;"G12147;194;FC;2012-11-30;2013-01-03;2013-01-11;2013-01-10;2013-01-11;1.810.00;1.765.00;;Pago orden numero 043/2013";858
 Valor invalido en campo IMPORTE PAGADO;"G03579;3237-3239;FC;2012-12-30;2013-01-03;2013-01-11;2013-01-10;2013-01-11;17.408.00;17.408.00;;Pago orden numero 042/2013";858
 Valor invalido en campo IMPORTE PAGADO;"G98907;3203;FC;2012-12-28;2013-01-02;2013-01-11;2013-01-10;2013-01-11;1.865.00;1.865.00;;Pago orden numero 041/2013";858
 Valor invalido en campo IMPORTE PAGADO;"G07086;2125;FC;2012-12-17;2012-12-19;2013-01-11;2013-01-10;2013-01-11;5.240.00;4.440.00;;Pago orden numero 040/2013";858
 Valor invalido en campo IMPORTE PAGADO;"G07091;323-325;FC;2012-12-17;2012-12-19;2013-01-11;2013-01-10;2013-01-11;1.725.00;1.390.00;;Pago orden numero 038/2013";858
 Valor invalido en campo IMPORTE PAGADO;"G07073;671;FC;2012-11-30;2012-12-12;2013-01-11;2013-01-10;2013-01-11;1.468.00;1.372.00;;Pago orden numero 037/2013";858
 Valor invalido en campo IMPORTE PAGADO;"G07079;116;FC;2012-12-14;2013-01-03;2013-01-11;2013-01-10;2013-01-11;1.470.00;1.330.00;;Pago orden numero 036/2013";858
 Valor invalido en campo IMPORTE ;"G07079;115;FC;2012-12-14;2013-01-03;2013-01-11;2013-01-10;2013-01-11;1.150.00;940;;Pago orden numero 036/2013";858
 Valor invalido en campo IMPORTE PAGADO;"G07094;3175;FC;2012-12-31;2013-01-02;2013-01-11;2013-01-10;2013-01-11;15.510.50;15.510.50;;Pago orden numero 035/2013";858
 Fecha de comprobante invalida;"G07072;1139;FC;26/12/012;2013-01-02;2013-01-11;2013-01-10;2013-01-11;695;460;;Pago orden numero 034/2013";858
 Valor invalido en campo IMPORTE PAGADO;"G07072;1138;FC;2012-12-26;2013-01-02;2013-01-11;2013-01-10;2013-01-11;1.465.00;1.290.00;;Pago orden numero 034/2013";858
 Valor invalido en campo IMPORTE ;"G07411;1136;FC;2012-12-26;2013-01-02;2013-01-11;2013-01-10;2013-01-11;1.085.00;855;;Pago orden numero 034/2013";858
 Valor invalido en campo IMPORTE ;"G07408;1130;FC;2012-12-17;2013-01-02;2013-01-11;2013-01-10;2013-01-11;1.080.00;945;;Pago orden numero 034/2013";858
 Valor invalido en campo IMPORTE PAGADO;"G12167;3218;FC;2012-12-28;2013-01-03;2013-01-11;2013-01-10;2013-01-11;4.975.00;4.975.00;;Pago orden numero 033/2013";858
 Valor invalido en campo IMPORTE PAGADO;"G98930;3221;FC;2012-12-28;2013-01-03;2013-01-11;2013-01-10;2013-01-11;2.055.00;2.055.00;;Pago orden numero 033/2013";858
 Valor invalido en campo IMPORTE PAGADO;"G12163;3214;FC;2012-12-28;2013-01-03;2013-01-11;2013-01-10;2013-01-11;1.245.00;1.245.00;;Pago orden numero 033/2013";858
 Valor invalido en campo IMPORTE PAGADO;"G12168;3219;FC;2012-12-28;2013-01-03;2013-01-11;2013-01-10;2013-01-11;2.250.00;2.250.00;;Pago orden numero 033/2013";858
 Valor invalido en campo IMPORTE PAGADO;"G12166;3217;FC;2012-12-28;2013-01-03;2013-01-11;2013-01-10;2013-01-11;3.645.00;3.645.00;;Pago orden numero 033/2013";858
 Valor invalido en campo IMPORTE PAGADO;"G07089;3204;FC;2012-12-27;2013-01-04;2013-01-11;2013-01-10;2013-01-11;2.748.00;2.748.00;;Pago orden numero 032/2013";858
 Valor invalido en campo IMPORTE PAGADO;"G09254;222;FC;2012-12-17;2012-12-26;2013-01-11;2013-01-07;2013-01-11;1.345.00;1.020.00;;Pago orden numero 030/2013";858
 Valor invalido en campo IMPORTE PAGADO;"G07661;223;FC;2012-12-17;2012-12-26;2013-01-11;2013-01-07;2013-01-11;1.640.00;1.360.00;;Pago orden numero 030/2013";858
 Valor invalido en campo IMPORTE PAGADO;"G07650;226;FC;2012-12-17;2012-12-26;2013-01-11;2013-01-07;2013-01-11;1.360.00;1.080.00;;Pago orden numero 030/2013";858
 Valor invalido en campo IMPORTE PAGADO;"G09276;398;FC;2012-12-17;2012-12-18;2013-01-11;2013-01-04;2013-01-11;2.400.00;1.875.00;;Pago orden numero 017/2013";858
 Valor invalido en campo IMPORTE PAGADO;"G09252;390;FC;2012-12-17;2012-12-18;2013-01-11;2013-01-04;2013-01-11;3.415.00;2.840.00;;Pago orden numero 017/2013";858
 Valor invalido en campo IMPORTE PAGADO;"G09258;396;FC;2012-12-17;2012-12-18;2013-01-11;2013-01-04;2013-01-11;3.060.00;1.810.00;;Pago orden numero 017/2013";858
 Valor invalido en campo IMPORTE PAGADO;"G07393;291;FC;2012-12-17;2012-12-19;2013-01-11;2013-01-04;2013-01-11;1.580.00;1.325.00;;Pago orden numero 013/2013";858
 Valor invalido en campo IMPORTE PAGADO;"G09982;417;FC;2012-12-14;2012-12-18;2013-01-21;2013-01-04;2013-01-21;3.665.00;3.100.00;;Pago orden numero 003/2013";858
 Valor invalido en campo IMPORTE PAGADO;"G09255;413;FC;2012-12-18;2012-12-17;2013-01-21;2013-01-04;2013-01-21;1.535.00;1.335.00;;Pago orden numero 003/2013";858
 Valor invalido en campo IMPORTE PAGADO;"G09262;415;FC;2012-12-13;2012-12-18;2013-01-21;2013-01-04;2013-01-21;3.405.00;2.415.00;;Pago orden numero 003/2013";858
 Valor invalido en campo IMPORTE PAGADO;"G12162;125/26/27/28;FC;2012-12-11;2012-12-12;2013-01-21;2013-01-16;2013-01-21;4.742.50;3.712.50;;Pago orden numero 061/2013";858
 Valor invalido en campo IMPORTE PAGADO;"G07580;55/56;FC;2012-12-12;2012-12-12;2013-01-21;2013-01-16;2013-01-21;10.090.00;7.995.00;;Pago orden numero 062/2013";858
 Valor invalido en campo IMPORTE PAGADO;"G07083;443/45/46;FC;2012-12-17;2012-12-17;2013-01-21;2013-01-16;2013-01-21;5.010.00;3.875.00;;Pago orden numero 063/2013";858
 Valor invalido en campo IMPORTE PAGADO;"G07117;138;FC;2012-12-17;2012-12-17;2013-01-21;2013-01-16;2013-01-21;6.495.00;4.335.00;;Pago orden numero 064/2013";858
 Valor invalido en campo IMPORTE PAGADO;"G07115;125/126;FC;2012-12-17;2012-12-17;2013-01-21;2013-01-16;2013-01-21;5.207.50;4.317.50;;Pago orden numero 065/2013";858
 Valor invalido en campo IMPORTE PAGADO;"G03575;260;FC;2012-12-17;2012-12-17;2013-01-21;2013-01-16;2013-01-21;2.350.00;2.265.00;;Pago orden numero 066/2013";858
 Valor invalido en campo IMPORTE PAGADO;"G07075;180;FC;2012-12-19;2012-12-19;2013-01-21;2013-01-16;2013-01-21;2.410.00;1.325.00;;Pago orden numero 067/2013";858
 Valor invalido en campo IMPORTE PAGADO;"G07530;23;FC;2012-12-20;2012-12-20;2013-01-21;2013-01-16;2013-01-21;6.950.00;5.040.00;;Pago orden numero 068/2013";858
 Valor invalido en campo IMPORTE PAGADO;"G07093;91;FC;2012-12-21;2012-12-21;2013-01-21;2013-01-16;2013-01-21;4.385.00;3.310.00;;Pago orden numero 069/2013";858
 Valor invalido en campo IMPORTE PAGADO;"G07095;1932/33;FC;2012-12-21;2012-12-21;2013-01-21;2013-01-16;2013-01-21;5.100.00;4.145.00;;Pago orden numero 070/2013";858
 Valor invalido en campo IMPORTE PAGADO;"G07439;1127;FC;2013-01-02;2013-01-02;2013-01-21;2013-01-16;2013-01-21;1.375.00;1.170.00;;Pago orden numero 071/2013";858
 Valor invalido en campo IMPORTE PAGADO;"G07072;1129;FC;2013-01-02;2013-01-02;2013-01-21;2013-01-16;2013-01-21;2.455.00;1.740.00;;Pago orden numero 071/2013";858
 Valor invalido en campo IMPORTE PAGADO;"G07071;586/87;FC;2012-12-17;2012-12-17;2013-01-21;2013-01-17;2013-01-21;11.865.00;9.301.00;;Pago orden numero 073/2013";858
 Valor invalido en campo IMPORTE PAGADO;"G03615;251/52/53/44;FC;2012-12-11;2012-12-18;2013-01-21;2013-01-17;2013-01-21;9.636.00;9.246.00;;Pago orden numero 074/2013";858
 Valor invalido en campo IMPORTE PAGADO;"G07074;226;FC;2012-12-13;2012-12-19;2013-01-21;2013-01-17;2013-01-21;2.370.00;1.995.00;;Pago orden numero 075/2013";858
 Valor invalido en campo IMPORTE ;"G07660;224;FC;2012-12-17;2012-12-26;2013-01-21;2013-01-17;2013-01-21;1.030.00;840;;Pago orden numero 076/2013";858
 Valor invalido en campo IMPORTE PAGADO;"G09274;215/16;FC;2012-12-10;2012-12-26;2013-01-21;2013-01-17;2013-01-21;4.575.00;3.430.00;;Pago orden numero 077/2013";858
 Valor invalido en campo IMPORTE PAGADO;"G07501;85;FC;2012-12-26;2012-12-28;2013-01-21;2013-01-17;2013-01-21;4.040.00;2.665.00;;Pago orden numero 078/2013";858
 Valor invalido en campo IMPORTE PAGADO;"G07077;196;FC;2013-01-02;2013-01-02;2013-01-21;2013-01-17;2013-01-21;5.655.00;4.740.00;;Pago orden numero 079/2013";858
 Fecha de comprobante invalida;"G07566;1412;FC;2013-12-21;2013-01-02;2013-01-21;2013-01-16;2013-01-21;760;580;;Pago orden numero 072/2013";858
 Valor invalido en campo IMPORTE PAGADO;"G12159;3276;FC;2013-01-03;2013-01-07;2013-01-21;2013-01-17;2013-01-21;2.970.00;2.970.00;;Pago orden numero 081/2013";858
 Valor invalido en campo IMPORTE PAGADO;"G98909;3286;FC;2013-01-06;2013-01-08;2013-01-21;2013-01-17;2013-01-21;1.430.00;1.430.00;;Pago orden numero 083/2013";858
 Valor invalido en campo IMPORTE PAGADO;"G03580;3257;FC;2013-12-31;2013-01-09;2013-01-21;2013-01-17;2013-01-21;4.720.00;4.720.00;;Pago orden numero 084/2013";858
 Valor invalido en campo IMPORTE PAGADO;"G07114;3296;FC;2013-01-09;2013-01-09;2013-01-21;2013-01-17;2013-01-21;1.650.00;1.650.00;;Pago orden numero 086/2013";858
 Valor invalido en campo IMPORTE PAGADO;"G03575;3281/82/83;FC;2013-01-04;2013-01-10;2013-01-21;2013-01-16;2013-01-21;4.250.00;4.250.00;;Pago orden numero 066/2013";858
 Valor invalido en campo IMPORTE PAGADO;"G98901;3278;FC;2013-01-03;2013-01-10;2013-01-21;2013-01-16;2013-01-21;2.710.00;2.710.00;;Pago orden numero 066/2013";858
 Valor invalido en campo IMPORTE PAGADO;"G12147;3280;FC;2013-01-03;2013-01-10;2013-01-21;2013-01-17;2013-01-21;2.920.00;2.920.00;;Pago orden numero 087/2013";858
 Valor invalido en campo IMPORTE PAGADO;"G12147;195/96/97/98;FC;2013-01-03;2013-01-10;2013-01-21;2013-01-17;2013-01-21;3.035.00;2.870.00;;Pago orden numero 087/2013";858
 Valor invalido en campo IMPORTE PAGADO;"G09274;213/14;FC;2012-12-05;2012-12-10;2013-01-21;2013-01-17;2013-01-21;5.665.00;4.095.00;;Pago orden numero 077/2013";858
 Valor invalido en campo IMPORTE PAGADO;"G03583;354/55/56/57;FC;2012-12-10;2012-12-11;2013-01-21;2013-01-18;2013-01-21;11.130.00;10.400.00;;Pago orden numero 089/2013";858
 Valor invalido en campo IMPORTE PAGADO;"G07109;3001/03/04/05/06/07;FC;2012-12-18;2012-12-21;2013-01-21;2013-01-18;2013-01-21;15.003.00;14.673.00;;Pago orden numero 090/2013";858
 Valor invalido en campo IMPORTE PAGADO;"G07080;392/93/89/90/91;FC;2012-12-17;2012-12-21;2013-01-21;2013-01-18;2013-01-21;17.140.00;15.176.00;;Pago orden numero 091/2013";858
 Valor invalido en campo IMPORTE ;"G07092;1280/81;FC;2013-01-03;2013-01-07;2013-01-21;2013-01-17;2013-01-21;1.700.00;897;;Pago orden numero 082/2013";858
 Valor invalido en campo IMPORTE PAGADO;"G03571;3260;FC;2013-12-31;2013-01-10;2013-01-21;2013-01-18;2013-01-21;3.100.00;3.100.00;;Pago orden numero 092/2013";858
 Valor invalido en campo IMPORTE PAGADO;"G98909;85/86/87;FC;2013-01-07;2013-01-11;2013-01-21;2013-01-17;2013-01-21;4.680.00;4.050.00;;Pago orden numero 083/2013";858
 Valor invalido en campo IMPORTE PAGADO;"G98926;3263;FC;2013-01-02;2013-01-11;2013-01-21;2013-01-18;2013-01-21;6.926.00;6.926.00;;Pago orden numero 093/2013";858
 Valor invalido en campo IMPORTE PAGADO;"G07073;3287;FC;2013-01-07;2013-01-11;2013-01-21;2013-01-18;2013-01-21;10.235.00;10.235.00;;Pago orden numero 094/2013";858
 Valor invalido en campo IMPORTE PAGADO;"G07102;3235;FC;2013-12-28;2013-01-11;2013-01-21;2013-01-18;2013-01-21;7.025.00;7.025.00;;Pago orden numero 095/2013";858
 Valor invalido en campo IMPORTE PAGADO;"G10310;3233;FC;2012-12-28;2013-01-11;2013-01-21;2013-01-18;2013-01-21;1.415.00;1.415.00;;Pago orden numero 095/2013";858
 Valor invalido en campo IMPORTE PAGADO;"G07697;3271;FC;2013-01-02;2013-01-14;2013-01-21;2013-01-18;2013-01-21;1.965.00;1.965.00;;Pago orden numero 096/2013";858
 Valor invalido en campo IMPORTE PAGADO;"G07092;3269;FC;2013-01-02;2013-01-07;2013-01-21;2013-01-17;2013-01-21;37.315.50;37.315.50;;Pago orden numero 082/2013";858
 Valor invalido en campo IMPORTE PAGADO;"G09256;407;FC;2012-11-30;2012-12-18;2013-01-21;2013-01-04;2013-01-21;3.080.00;2.165.00;;Pago orden numero 003/2013";858
 Valor invalido en campo IMPORTE PAGADO;"G07652;184/185;FC;2012-12-10;2012-12-12;2013-01-24;2013-01-04;2013-01-24;2.985.00;2.025.00;;Pago orden numero 004/2013";858
 Valor invalido en campo IMPORTE PAGADO;"G12146;280;FC;2012-12-10;2012-12-11;2013-01-24;2013-01-04;2013-01-24;2.760.00;2.175.00;;Pago orden numero 004/2013";858
 Valor invalido en campo IMPORTE PAGADO;"G98911;3114-3116/3144-3146/236;FC;2012-11-30;2012-12-10;2013-01-24;2013-01-04;2013-01-24;9.718.00;9.718.00;;Pago orden numero 004/2013";858
 Valor invalido en campo IMPORTE PAGADO;"G19028;3140/3024/3088/3082/3043;FC;2012-12-05;2012-12-10;2013-01-24;2013-01-04;2013-01-24;2.870.00;2.870.00;;Pago orden numero 004/2013";858
 Valor invalido en campo IMPORTE PAGADO;"G98911;3272/3273;FC;2013-01-03;2013-01-04;2013-01-24;2013-01-04;2013-01-24;8.235.00;8.235.00;;Pago orden numero 004/2013";858
 Valor invalido en campo IMPORTE PAGADO;"G10309;3270;FC;2013-01-02;2013-01-03;2013-01-24;2013-01-04;2013-01-24;1.550.00;1.550.00;;Pago orden numero 004/2013";858
 Valor invalido en campo IMPORTE PAGADO;"G07112;3142;FC;2012-11-30;2012-12-11;2013-01-30;2013-01-25;2013-01-30;46.315.00;44.765.00;;Pago orden numero 100/2013";858
 Valor invalido en campo IMPORTE PAGADO;"G12022;112/13/14/15;FC;2012-12-10;2012-12-13;2013-01-30;2013-01-25;2013-01-30;6.395.00;5.875.00;;Pago orden numero 101/2013";858
 Valor invalido en campo IMPORTE PAGADO;"G07107;3117/18/19;FC;2012-11-30;2012-12-21;2013-01-30;2013-01-25;2013-01-30;31.766.50;30.786.50;;Pago orden numero 102/2013";858
 Valor invalido en campo IMPORTE PAGADO;"G07108;64;FC;2013-01-04;2013-01-07;2013-01-30;2013-01-25;2013-01-30;15.894.00;15.040.00;;Pago orden numero 103/2013";858
 Valor invalido en campo IMPORTE PAGADO;"G07108;3284;FC;2013-01-04;2013-01-07;2013-01-30;2013-01-25;2013-01-30;2.606.00;2.606.00;;Pago orden numero 103/2013";858
 Valor invalido en campo IMPORTE PAGADO;"G98926;43/44;FC;2013-01-11;2013-01-11;2013-01-30;2013-01-25;2013-01-30;20.650.00;20.201.00;;Pago orden numero 104/2013";858
 Valor invalido en campo IMPORTE PAGADO;"G07073;676/78;FC;2013-01-04;2013-01-11;2013-01-30;2013-01-25;2013-01-30;10.736.00;9.178.00;;Pago orden numero 106/2013";858
 Valor invalido en campo IMPORTE ;"G10007;103;FC;2012-12-19;2013-01-14;2013-01-30;2013-01-25;2013-01-30;1.095.00;860;;Pago orden numero 107/2013";858
 Valor invalido en campo IMPORTE PAGADO;"G07696;124/25;FC;2012-12-13;2013-01-14;2013-01-30;2013-01-25;2013-01-30;1.390.00;1.095.00;;Pago orden numero 107/2013";858
 Valor invalido en campo IMPORTE PAGADO;"G98907;3316;FC;2013-01-11;2013-01-14;2013-01-30;2013-01-25;2013-01-30;1.755.00;1.755.00;;Pago orden numero 108/2013";858
 Valor invalido en campo IMPORTE ;"G98907;39/40;FC;2013-01-15;2013-01-15;2013-01-30;2013-01-25;2013-01-30;1.070.00;970;;Pago orden numero 108/2013";858
 Valor invalido en campo IMPORTE PAGADO;"G07112;318/19;FC;2013-01-10;2013-01-15;2013-01-30;2013-01-25;2013-01-30;9.664.00;8.527.00;;Pago orden numero 100/2013";858
 Valor invalido en campo IMPORTE ;"G07515;932;FC;2013-01-08;2013-01-15;2013-01-30;2013-01-25;2013-01-30;1.365.00;970;;Pago orden numero 109/2013";858
 Valor invalido en campo IMPORTE PAGADO;"G07516;933;FC;2013-01-08;2013-01-15;2013-01-30;2013-01-25;2013-01-30;2.250.00;1.760.00;;Pago orden numero 109/2013";858
 Valor invalido en campo IMPORTE PAGADO;"G07088;935;FC;2013-01-08;2013-01-15;2013-01-30;2013-01-25;2013-01-30;3.390.00;2.310.00;;Pago orden numero 109/2013";858
 Valor invalido en campo IMPORTE PAGADO;"G07088;3170;FC;2013-01-08;2013-01-15;2013-01-30;2013-01-25;2013-01-30;1.521.00;1.521.00;;Pago orden numero 109/2013";858
 Valor invalido en campo IMPORTE PAGADO;"G03569;3229;FC;2012-12-28;2013-01-16;2013-01-30;2013-01-25;2013-01-30;5.590.00;5.590.00;;Pago orden numero 110/2013";858
 Valor invalido en campo IMPORTE PAGADO;"G98906;3319;FC;2013-01-14;2013-01-16;2013-01-30;2013-01-25;2013-01-30;3.080.00;3.080.00;;Pago orden numero 111/2013";858
 Valor invalido en campo IMPORTE PAGADO;"G01554;3310;FC;2013-01-15;2013-01-17;2013-01-30;2013-01-25;2013-01-30;1.335.00;1.335.00;;Pago orden numero 112/2013";858
 Valor invalido en campo IMPORTE PAGADO;"G98921;3307;FC;2013-01-15;2013-01-17;2013-01-30;2013-01-25;2013-01-30;1.120.00;1.120.00;;Pago orden numero 112/2013";858
 Valor invalido en campo IMPORTE PAGADO;"G07088;937-941;FC;2013-01-08;2013-01-15;2013-01-30;2013-01-25;2013-01-30;11.471.10;9.981.10;;Pago orden numero 109/2013";858
 Valor invalido en campo IMPORTE PAGADO;"G07420;680;FC;2013-01-04;2013-01-11;2013-01-30;2013-01-25;2013-01-30;1.385.00;1.100.00;;Pago orden numero 106/2013";858
 Valor invalido en campo IMPORTE PAGADO;"G98925;20;FC;2013-01-16;2013-01-21;2013-01-30;2013-01-29;2013-01-30;1.045.00;1.005.00;;Pago orden numero 123/2013";858
 Valor invalido en campo IMPORTE ;"G09275;423;FC;2013-01-15;2013-01-17;2013-01-30;2013-01-29;2013-01-30;1.055.00;845;;Pago orden numero 122/2013";858
 Valor invalido en campo IMPORTE PAGADO;"G03599;334;FC;2012-11-15;2013-01-21;2013-01-30;2013-01-29;2013-01-30;2.680.00;2.270.00;;Pago orden numero 121/2013";858
 Valor invalido en campo IMPORTE PAGADO;"G03609;494;FC;2013-01-09;2013-01-09;2013-01-30;2013-01-09;2013-01-30;2.895.00;1.965.00;;Pago orden numero 120/2013";858
 Valor invalido en campo IMPORTE PAGADO;"G07441;147/148;FC;2013-01-14;2013-01-18;2013-01-30;2013-01-29;2013-01-30;2.520.00;2.330.00;;Pago orden numero 118/2013";858
 Valor invalido en campo IMPORTE PAGADO;"G07076;192;FC;2013-01-15;2013-01-17;2013-01-30;2013-01-29;2013-01-30;3.790.00;3.490.00;;Pago orden numero 117/2013";858
 Valor invalido en campo IMPORTE PAGADO;"G07111;349;FC;2012-12-10;2012-12-19;2013-01-30;2013-01-30;2013-01-30;15.633.00;12.743.00;;Pago orden numero 124/2013";858
No cumple con los campos minimos requeridos;"";858
