motivo;registro_rechazado;lote
No cumple con los campos minimos requeridos;"";904
Codigo de prestacion se encuentra fuera de los existentes;"A;L;000000191     ;LBL057O10;;7;2013-05-13;2051700517018571;DNI;P;34743366;1;;;;;;;;1;N01145";904
Codigo de prestacion se encuentra fuera de los existentes;"A;L;000000191     ;LBL057O10;;7;2013-05-10;2051700517018230;DNI;P;45791306;1;;;;;;;;1;N01145";904
Codigo de prestacion se encuentra fuera de los existentes;"A;L;000000191     ;LBL002O10;;7;2013-05-07;2050100501009859;DNI;P;30792598;1;;;;;;;;1;N01145";904
Codigo de prestacion se encuentra fuera de los existentes;"A;L;000000191     ;LBL002O10;;7;2013-05-01;2051600516007736;DNI;P;39225282;1;;;;;;;;1;N01145";904
Codigo de prestacion se encuentra fuera de los existentes;"A;L;000000191     ;LBL057O10;;7;2013-05-01;2051600516007736;DNI;P;39225282;1;;;;;;;;1;N01145";904
Codigo de prestacion se encuentra fuera de los existentes;"A;L;000000191     ;LBL022O10;;7;2013-05-06;2051000510005052;DNI;P;31573631;1;;;;;;;;1;N01145";904
Codigo de prestacion se encuentra fuera de los existentes;"A;L;000000191     ;LBL057O10;;7;2013-05-16;2050100501027500;DNI;P;36471030;1;;;;;;;;1;N01145";904
Codigo de prestacion se encuentra fuera de los existentes;"A;L;000000191     ;LBL057O10;;7;2013-05-06;2050500505025417;DNI;P;26502702;1;;;;;;;;1;N01145";904
Codigo de prestacion se encuentra fuera de los existentes;"A;L;000000191     ;LBL057O10;;7;2013-05-08;2070000700203740;DNI;P;45136237;1;;;;;;;;1;N01145";904
Codigo de prestacion se encuentra fuera de los existentes;"A;L;000000191     ;LBL002O10;;7;2013-05-07;2050500505068964;DNI;P;30249039;1;;;;;;;;1;N01145";904
Codigo de prestacion se encuentra fuera de los existentes;"A;L;000000191     ;LBL002O10;;7;2013-05-06;2051700517018873;DNI;P;38138677;1;;;;;;;;1;N01145";904
Codigo de prestacion se encuentra fuera de los existentes;"A;L;000000191     ;LBL002O10;;7;2013-05-06;2050500505010810;DNI;P;34091940;1;;;;;;;;1;N01145";904
Codigo de prestacion se encuentra fuera de los existentes;"A;L;000000191     ;LBL057O10;;7;2013-05-06;2050600001051076;DNI;P;33638769;1;;;;;;;;1;N01145";904
Codigo de prestacion se encuentra fuera de los existentes;"A;L;000000191     ;LBL057O10;;7;2013-05-07;2050600001032175;DNI;P;35695281;1;;;;;;;;1;N01145";904
Codigo de prestacion se encuentra fuera de los existentes;"A;L;000000191     ;LBL057O10;;7;2013-05-10;2051700517020469;DNI;P;19001175;1;;;;;;;;1;N01145";904
Codigo de prestacion se encuentra fuera de los existentes;"A;L;000000191     ;LBL057O10;;7;2013-05-06;2051700517018873;DNI;P;38138677;1;;;;;;;;1;N01145";904
Codigo de prestacion se encuentra fuera de los existentes;"A;L;000000191     ;LBL057O10;;7;2013-05-29;2070000700204801;DNI;P;40041268;1;;;;;;;;1;N01145";904
Codigo de prestacion se encuentra fuera de los existentes;"A;L;000000191     ;LBL057O10;;7;2013-05-14;2070000700236478;DNI;P;18898791;1;;;;;;;;1;N01145";904
Codigo de prestacion se encuentra fuera de los existentes;"A;L;000000191     ;LBL057O10;;7;2013-05-07;2050100501009859;DNI;P;30792598;1;;;;;;;;1;N01145";904
Codigo de prestacion se encuentra fuera de los existentes;"A;L;000000191     ;LBL057O10;;7;2013-05-06;2050500505010810;DNI;P;34091940;1;;;;;;;;1;N01145";904
Codigo de prestacion se encuentra fuera de los existentes;"A;L;000000191     ;LBL057O10;;7;2013-05-08;2070000700169011;DNI;P;34892522;1;;;;;;;;1;N01145";904
Codigo de prestacion se encuentra fuera de los existentes;"A;L;000000191     ;LBL057O10;;7;2013-05-06;2051000510005052;DNI;P;31573631;1;;;;;;;;1;N01145";904
Codigo de prestacion se encuentra fuera de los existentes;"A;L;000000191     ;LBL002O10;;7;2013-05-06;2050600001051076;DNI;P;33638769;1;;;;;;;;1;N01145";904
Codigo de prestacion se encuentra fuera de los existentes;"A;L;000000191     ;LBL057O10;;7;2013-05-07;2050500505068964;DNI;P;30249039;1;;;;;;;;1;N01145";904
Codigo de prestacion se encuentra fuera de los existentes;"A;L;000000191     ;LBL002O10;;7;2013-05-06;2051000510005052;DNI;P;31573631;1;;;;;;;;1;N01145";904
Codigo de prestacion se encuentra fuera de los existentes;"A;L;000000191     ;LBL057O10;;7;2013-05-10;2051700517017958;DNI;P;37583322;1;;;;;;;;1;N01145";904
Codigo de prestacion se encuentra fuera de los existentes;"A;L;000000170     ;LBL022O10;;7;2013-04-26;2050500505014725;DNI;P;34946419;1;;;;;;;;1;N03586";904
Codigo de prestacion se encuentra fuera de los existentes;"A;L;000000170     ;LBL022O10;;7;2013-04-24;2050500505014725;DNI;P;34946419;1;;;;;;;;1;N03586";904
Registro ya informado o campo ORDEN mal generado;"A;L;000000138     ;CTC005W78;;32;2013-04-04;2050600001032366;DNI;P;32305354;1;;;;;;;;1;N03166";904
