motivo;registro_rechazado;lote
 Valor invalido en campo IMPORTE PAGADO;"G07492;7;FC;2013-01-17;2013-01-22;2013-02-08;2013-02-04;2013-02-08;960,00;960,00;;Pago de orden numero 130/2013";853
 Valor invalido en campo IMPORTE PAGADO;"G07109;3029;FC;2013-01-18;2013-01-28;2013-02-08;2013-02-04;2013-02-08;1680,00;1680,00;;Pago de orden numero 131/2013";853
 Valor invalido en campo IMPORTE PAGADO;"G07114;742;FC;2013-01-23;2013-01-24;2013-02-08;2013-02-04;2013-02-08;3840,00;3840,00;;Pago de orden numero 133/2013";853
 Valor invalido en campo IMPORTE PAGADO;"G07087;1297;FC;2013-01-24;2013-01-28;2013-02-08;2013-02-04;2013-02-08;610,00;585,00;;Pago de orden numero 132/2013";853
 Valor invalido en campo IMPORTE PAGADO;"G09252;437;FC;2013-01-24;2013-01-28;2013-02-08;2013-02-04;2013-02-08;1440,00;1440,00;;Pago de orden numero 143/2013";853
 Valor invalido en campo IMPORTE PAGADO;"G07511;454;FC;2013-01-17;2013-01-21;2013-02-08;2013-02-04;2013-02-08;120,00;120,00;;Pago de orden numero 138/2013";853
 Valor invalido en campo IMPORTE PAGADO;"G07514;455;FC;2013-01-17;2013-01-21;2013-02-08;2013-02-04;2013-02-08;360,00;360,00;;Pago de orden numero 138/2013";853
 Valor invalido en campo IMPORTE PAGADO;"G07698;416;FC;2013-01-15;2013-01-17;2013-02-08;2013-02-04;2013-02-08;645,00;30,00;;Pago de orden numero 143/2013";853
 Valor invalido en campo IMPORTE PAGADO;"G98906;197;FC;2013-01-15;2013-01-16;2013-02-08;2013-02-07;2013-02-08;330,00;330,00;;Pago de orden numero 154/2013";853
 Valor invalido en campo IMPORTE PAGADO;"G98907;41;FC;2013-01-30;2013-01-30;2013-02-08;2013-02-07;2013-02-08;600,00;600,00;;Pago de orden numero 151/2013";853
 Valor invalido en campo IMPORTE PAGADO;"G07394;3455;FC;2013-01-29;2013-01-22;2013-02-08;2013-02-04;2013-02-08;80,00;80,00;;Pago de orden numero 129/2013";853
 Valor invalido en campo IMPORTE PAGADO;"G07082;3390/3275;FC;2013-01-25;2013-01-28;2013-02-08;2013-02-04;2013-02-08;16794,00;16639,00;;Pago de orden numero 136/2013";853
 Valor invalido en campo IMPORTE PAGADO;"G07584;3378;FC;2013-01-23;2013-01-10;2013-02-08;2013-02-04;2013-02-08;330,00;330,00;;Pago de orden numero 141/2013";853
 Valor invalido en campo IMPORTE PAGADO;"G07621;3198;FC;2012-12-21;2013-01-21;2013-02-08;2013-02-04;2013-02-08;225,00;225,00;;Pago de orden numero 126/2013";853
 Valor invalido en campo IMPORTE PAGADO;"G07628;3196;FC;2012-12-21;2013-01-21;2013-02-08;2013-02-04;2013-02-08;65,00;65,00;;Pago de orden numero 126/2013";853
 Valor invalido en campo IMPORTE PAGADO;"G07625;3197;FC;2012-12-21;2013-01-22;2013-02-08;2013-02-04;2013-02-08;120,00;120,00;;Pago de orden numero 126/2013";853
 Valor invalido en campo IMPORTE PAGADO;"G07622;3199;FC;2012-12-21;2013-01-21;2013-02-08;2013-02-04;2013-02-08;60,00;60,00;;Pago de orden numero 126/2013";853
 Valor invalido en campo IMPORTE PAGADO;"G09995;23;FC;2012-12-10;2012-12-12;2013-01-30;2013-01-22;2013-02-08;1635,00;690,00;;Pago de orden numero 097/2013";853
 Valor invalido en campo IMPORTE PAGADO;"G10309;405/406;FC;2012-12-28;2013-01-03;2013-01-30;2013-01-22;2013-02-08;320,00;220,00;;Pago de orden numero 097/2013";853
 Valor invalido en campo IMPORTE PAGADO;"G98911;237;FC;2013-01-03;2013-01-04;2013-01-30;2013-01-22;2013-02-08;90,00;90,00;;Pago de orden numero 097/2013";853
 Valor invalido en campo IMPORTE PAGADO;"G12028;004/005/006;FC;2013-01-04;2013-01-09;2013-01-30;2013-01-22;2013-02-08;2850,00;2510,00;;Pago de orden numero 097/2013";853
 Valor invalido en campo IMPORTE PAGADO;"G12151;26/27/28;FC;2013-01-10;2013-01-10;2013-01-30;2013-01-22;2013-02-08;3275,00;2580,00;;Pago de orden numero 097/2013";853
 Valor invalido en campo IMPORTE PAGADO;"G12151;3171/3172;FC;2013-12-06;2013-01-10;2013-01-30;2013-01-22;2013-02-08;160,00;160,00;;Pago de orden numero 097/2013";853
 Valor invalido en campo IMPORTE PAGADO;"G10436;129;FC;2013-01-17;2013-01-22;2013-02-08;2013-02-04;2013-02-08;2760,00;2760,00;;Pago de orden numero 128/2013";853
 Valor invalido en campo IMPORTE PAGADO;"G07071;589;FC;2013-01-15;2013-01-22;2013-02-08;2013-02-04;2013-02-08;4200,00;4200,00;;Pago de orden numero 129/2013";853
 Valor invalido en campo IMPORTE PAGADO;"G12134;3187;FC;2012-12-20;2013-01-21;2013-02-08;2013-02-04;2013-02-08;95,00;95,00;;Pago de orden numero 126/2013";853
 Valor invalido en campo IMPORTE PAGADO;"G07622;3288;FC;2013-01-07;2013-01-28;2013-02-08;2013-02-04;2013-02-08;705,00;705,00;;Pago de orden numero 126/2013";853
 Valor invalido en campo IMPORTE PAGADO;"G07519;3315;FC;2013-01-10;2013-01-21;2013-02-08;2013-02-04;2013-02-08;420,00;420,00;;Pago de orden numero 127/2013";853
 Valor invalido en campo IMPORTE PAGADO;"G07089;3311;FC;2013-01-10;2013-01-21;2013-02-08;2013-02-04;2013-02-08;1700,00;1700,00;;Pago de orden numero 127/2013";853
 Valor invalido en campo IMPORTE PAGADO;"G07520;3314;FC;2013-01-10;2013-01-22;2013-02-08;2013-02-04;2013-02-08;320,00;320,00;;Pago de orden numero 127/2013";853
 Valor invalido en campo IMPORTE PAGADO;"G12094;3313;FC;2013-01-10;2013-01-22;2013-02-08;2013-02-04;2013-02-08;120,00;120,00;;Pago de orden numero 127/2013";853
 Valor invalido en campo IMPORTE PAGADO;"G98910;3312;FC;2013-01-10;2013-01-22;2013-02-08;2013-02-04;2013-02-08;220,00;220,00;;Pago de orden numero 127/2013";853
 Valor invalido en campo IMPORTE PAGADO;"G07662;3450;FC;2013-01-29;2013-01-21;2013-02-08;2013-02-04;2013-02-08;20,00;20,00;;Pago de orden numero 131/2013";853
 Valor invalido en campo IMPORTE PAGADO;"G12086;3428;FC;2013-01-28;2013-01-21;2013-02-08;2013-02-04;2013-02-08;30,00;30,00;;Pago de orden numero 131/2013";853
 Valor invalido en campo IMPORTE PAGADO;"G07491;3451;FC;2013-01-29;2013-01-18;2013-02-08;2013-02-04;2013-02-08;550,00;550,00;;Pago de orden numero 137/2013";853
 Valor invalido en campo IMPORTE PAGADO;"G12091;3388;FC;2013-01-24;2013-01-18;2013-02-08;2013-02-04;2013-02-08;20,00;20,00;;Pago de orden numero 137/2013";853
 Valor invalido en campo IMPORTE PAGADO;"G12091;3436;FC;2013-01-28;2013-01-18;2013-02-08;2013-02-04;2013-02-08;935,00;935,00;;Pago de orden numero 137/2013";853
 Valor invalido en campo IMPORTE PAGADO;"G07100;3317;FC;2013-01-11;2013-01-21;2013-02-08;2013-02-04;2013-02-08;6335,00;6325,00;;Pago de orden numero 134/2013";853
 Valor invalido en campo IMPORTE PAGADO;"G07411;3456;FC;2013-01-29;2013-01-23;2013-02-08;2013-02-04;2013-02-08;1125,00;1125,00;;Pago de orden numero 142/2013";853
 Valor invalido en campo IMPORTE PAGADO;"G07642;3489;FC;2013-01-30;2013-01-15;2013-02-08;2013-02-04;2013-02-08;280,00;280,00;;Pago de orden numero 140/2013";853
 Valor invalido en campo IMPORTE PAGADO;"G07641;3352;FC;2013-01-15;2013-01-15;2013-02-08;2013-02-04;2013-02-08;365,00;365,00;;Pago de orden numero 140/2013";853
 Valor invalido en campo IMPORTE PAGADO;"G07689;3491;FC;2013-01-30;2013-01-15;2013-02-08;2013-02-04;2013-02-08;110,00;110,00;;Pago de orden numero 139/2013";853
 Valor invalido en campo IMPORTE PAGADO;"G07665;3368;FC;2013-01-23;2013-01-15;2013-02-08;2013-02-04;2013-02-08;220,00;220,00;;Pago de orden numero 139/2013";853
 Valor invalido en campo IMPORTE PAGADO;"G07668;3351;FC;2013-01-15;2013-01-15;2013-02-08;2013-02-04;2013-02-08;370,00;370,00;;Pago de orden numero 139/2013";853
 Valor invalido en campo IMPORTE PAGADO;"G07512;3386;FC;2013-01-24;2013-01-21;2013-02-08;2013-02-04;2013-02-08;195,00;195,00;;Pago de orden numero 138/2013";853
 Valor invalido en campo IMPORTE PAGADO;"G07511;3485;FC;2013-01-30;2013-01-21;2013-02-08;2013-02-04;2013-02-08;575,00;575,00;;Pago de orden numero 138/2013";853
 Valor invalido en campo IMPORTE PAGADO;"G07514;3323;FC;2013-01-17;2013-01-21;2013-02-08;2013-02-04;2013-02-08;5679,00;5679,00;;Pago de orden numero 138/2013";853
 Valor invalido en campo IMPORTE PAGADO;"G07514;3322;FC;2013-01-17;2013-01-21;2013-02-08;2013-02-04;2013-02-08;873,00;873,00;;Pago de orden numero 138/2013";853
 Valor invalido en campo IMPORTE PAGADO;"G07653;3454;FC;2013-01-29;2013-01-21;2013-02-08;2013-02-04;2013-02-08;100,00;100,00;;Pago de orden numero 131/2013";853
 Valor invalido en campo IMPORTE PAGADO;"G07654;3606;FC;2013-02-06;2013-01-21;2013-02-08;2013-02-04;2013-02-08;30,00;30,00;;Pago de orden numero 131/2013";853
 Valor invalido en campo IMPORTE PAGADO;"G07655;3452;FC;2013-01-29;2013-01-21;2013-02-08;2013-02-04;2013-02-08;40,00;40,00;;Pago de orden numero 131/2013";853
 Valor invalido en campo IMPORTE PAGADO;"G09992;3604;FC;2013-02-06;2013-01-21;2013-02-08;2013-02-04;2013-02-08;280,00;280,00;;Pago de orden numero 131/2013";853
 Valor invalido en campo IMPORTE PAGADO;"G07566;3380;FC;2013-01-23;2013-01-17;2013-02-08;2013-02-04;2013-02-08;815,00;815,00;;Pago de orden numero 135/2013";853
 Valor invalido en campo IMPORTE PAGADO;"G09985;3408;FC;2013-01-25;2013-01-17;2013-02-08;2013-02-04;2013-02-08;610,00;610,00;;Pago de orden numero 135/2013";853
 Valor invalido en campo IMPORTE PAGADO;"G07483;3553;FC;2013-02-01;2013-01-18;2013-02-08;2013-02-04;2013-02-08;380,00;380,00;;Pago de orden numero 137/2013";853
 Valor invalido en campo IMPORTE PAGADO;"G07479;3573;FC;2013-02-04;2013-01-18;2013-02-08;2013-02-04;2013-02-08;440,00;440,00;;Pago de orden numero 137/2013";853
 Valor invalido en campo IMPORTE PAGADO;"G12092;3551;FC;2013-01-31;2013-01-18;2013-02-08;2013-02-04;2013-02-08;565,00;565,00;;Pago de orden numero 137/2013";853
 Valor invalido en campo IMPORTE PAGADO;"G07484;3578;FC;2013-01-28;2013-01-18;2013-02-08;2013-02-04;2013-02-08;20,00;20,00;;Pago de orden numero 137/2013";853
 Valor invalido en campo IMPORTE PAGADO;"G07083;3477;FC;2013-01-30;2013-01-18;2013-02-08;2013-02-04;2013-02-08;80,00;80,00;;Pago de orden numero 137/2013";853
 Valor invalido en campo IMPORTE PAGADO;"G07628;3328;FC;2013-01-21;2013-01-28;2013-02-08;2013-02-04;2013-02-08;510,00;510,00;;Pago de orden numero 126/2013";853
 Valor invalido en campo IMPORTE PAGADO;"G07625;3327;FC;2013-01-21;2013-01-28;2013-02-08;2013-02-04;2013-02-08;350,00;350,00;;Pago de orden numero 126/2013";853
 Valor invalido en campo IMPORTE PAGADO;"G03599;3295/3326;FC;2013-01-21;2013-01-28;2013-02-08;2013-02-04;2013-02-08;2490,00;2490,00;;Pago de orden numero 126/2013";853
 Valor invalido en campo IMPORTE PAGADO;"G07104;3189;FC;2012-12-20;2013-01-22;2013-02-08;2013-02-04;2013-02-08;4094,00;4094,00;;Pago de orden numero 126/2013";853
 Valor invalido en campo IMPORTE PAGADO;"G12031;3577;FC;2013-02-04;2013-01-22;2013-02-08;2013-02-04;2013-02-08;160,00;160,00;;Pago de orden numero 129/2013";853
 Valor invalido en campo IMPORTE PAGADO;"G12156;3575;FC;2013-02-04;2013-01-22;2013-02-08;2013-02-04;2013-02-08;120,00;120,00;;Pago de orden numero 129/2013";853
 Valor invalido en campo IMPORTE PAGADO;"G07389;3569;FC;2013-02-04;2013-01-22;2013-02-08;2013-02-04;2013-02-08;350,00;350,00;;Pago de orden numero 129/2013";853
 Valor invalido en campo IMPORTE PAGADO;"G98923;3608;FC;2013-02-06;2013-01-23;2013-02-08;2013-02-04;2013-02-08;1205,00;1205,00;;Pago de orden numero 142/2013";853
 Valor invalido en campo IMPORTE PAGADO;"G07114;3370;FC;2013-01-23;2013-01-24;2013-02-08;2013-02-04;2013-02-08;15232,50;15232,50;;Pago de orden numero 133/2013";853
 Valor invalido en campo IMPORTE PAGADO;"G07114;3584;FC;2013-02-05;2013-01-24;2013-02-08;2013-02-04;2013-02-08;1137,00;1137,00;;Pago de orden numero 133/2013";853
 Valor invalido en campo IMPORTE PAGADO;"G07087;3372/3373;FC;2013-01-23;2013-01-25;2013-02-08;2013-02-04;2013-02-08;15816,00;15816,00;;Pago de orden numero 132/2013";853
 Valor invalido en campo IMPORTE PAGADO;"G07685;3379;FC;2013-01-23;2013-01-15;2013-02-08;2013-02-04;2013-02-08;420,00;420,00;;Pago de orden numero 139/2013";853
 Valor invalido en campo IMPORTE PAGADO;"G12088;3374;FC;2013-01-15;2013-01-15;2013-02-08;2013-02-04;2013-02-08;480,00;480,00;;Pago de orden numero 139/2013";853
 Valor invalido en campo IMPORTE PAGADO;"G07690;3377;FC;2013-01-15;2013-01-15;2013-02-08;2013-02-04;2013-02-08;230,00;230,00;;Pago de orden numero 139/2013";853
 Valor invalido en campo IMPORTE PAGADO;"G07098;3330;FC;2013-01-21;2013-01-11;2013-02-08;2013-02-04;2013-02-08;1215,00;1215,00;;Pago de orden numero 141/2013";853
 Valor invalido en campo IMPORTE PAGADO;"G12160;3593;FC;2013-02-06;2013-02-01;2013-02-08;2013-02-07;2013-02-08;200,00;200,00;;Pago de orden numero 162/2013";853
 Valor invalido en campo IMPORTE PAGADO;"G09261;3595;FC;2013-02-06;2013-02-01;2013-02-08;2013-02-07;2013-02-08;505,00;505,00;;Pago de orden numero 162/2013";853
 Valor invalido en campo IMPORTE PAGADO;"G07693;3598;FC;2013-02-06;2013-02-01;2013-02-08;2013-02-07;2013-02-08;420,00;420,00;;Pago de orden numero 162/2013";853
 Valor invalido en campo IMPORTE PAGADO;"G07696;3600;FC;2013-01-30;2013-02-01;2013-02-08;2013-02-07;2013-02-08;510,00;510,00;;Pago de orden numero 162/2013";853
 Valor invalido en campo IMPORTE PAGADO;"G07418;3347;FC;2013-01-22;2013-01-16;2013-02-08;2013-02-07;2013-02-08;120,00;120,00;;Pago de orden numero 161/2013";853
 Valor invalido en campo IMPORTE PAGADO;"G12089;3350;FC;2013-01-22;2013-01-15;2013-02-08;2013-02-04;2013-02-08;110,00;110,00;;Pago de orden numero 139/2013";853
 Valor invalido en campo IMPORTE PAGADO;"G98922;3301;FC;2013-01-15;2013-01-17;2013-02-08;2013-02-07;2013-02-08;1400,00;1400,00;;Pago de orden numero 159/2013";853
 Valor invalido en campo IMPORTE PAGADO;"G98903;3395;FC;2013-01-25;2013-01-18;2013-02-08;2013-02-07;2013-02-08;170,00;170,00;;Pago de orden numero 150/2013";853
 Valor invalido en campo IMPORTE PAGADO;"G07093;3531;FC;2013-01-31;2013-01-17;2013-02-08;2013-02-07;2013-02-08;4295,00;4295,00;;Pago de orden numero 158/2013";853
 Valor invalido en campo IMPORTE PAGADO;"G98912;3331;FC;2013-01-21;2013-01-14;2013-02-08;2013-02-07;2013-02-08;1205,00;1205,00;;Pago de orden numero 157/2013";853
 Valor invalido en campo IMPORTE PAGADO;"G03591;3403;FC;2013-01-25;2013-01-14;2013-02-08;2013-02-07;2013-02-08;1070,00;1070,00;;Pago de orden numero 156/2013";853
 Valor invalido en campo IMPORTE PAGADO;"G98904;3565;FC;2013-02-01;2013-01-16;2013-02-08;2013-02-07;2013-02-08;1710,00;1710,00;;Pago de orden numero 155/2013";853
 Valor invalido en campo IMPORTE PAGADO;"G07643;3354;FC;2013-01-15;2013-01-16;2013-02-08;2013-02-04;2013-02-08;260,00;260,00;;Pago de orden numero 140/2013";853
 Valor invalido en campo IMPORTE PAGADO;"G07116;3332;FC;2013-01-21;2013-01-16;2013-02-08;2013-02-07;2013-02-08;330,00;330,00;;Pago de orden numero 153/2013";853
 Valor invalido en campo IMPORTE PAGADO;"G07580;3528;FC;2013-01-31;2013-01-16;2013-02-08;2013-02-07;2013-02-08;8960,00;8960,00;;Pago de orden numero 152/2013";853
 Valor invalido en campo IMPORTE PAGADO;"G10436;1;FC;2013-01-27;2013-01-11;2013-02-08;2013-02-04;2013-02-08;1925,00;1925,00;;Pago de orden numero 128/2013";853
 Valor invalido en campo IMPORTE PAGADO;"G98903;3574;FC;2013-02-04;2013-01-28;2013-02-08;2013-02-07;2013-02-08;175,00;175,00;;Pago de orden numero 150/2013";853
 Valor invalido en campo IMPORTE PAGADO;"G98905;3289/3325/3442/3443/3444;FC;2013-01-29;2013-01-30;2013-02-08;2013-02-07;2013-02-08;6270,00;6270,00;;Pago de orden numero 149/2013";853
 Valor invalido en campo IMPORTE PAGADO;"G07113;3426;FC;2013-01-30;2013-01-30;2013-02-08;2013-02-07;2013-02-08;3978,00;3978,00;;Pago de orden numero 148/2013";853
 Valor invalido en campo IMPORTE PAGADO;"G07574;3559;FC;2013-02-01;2013-01-24;2013-02-08;2013-02-07;2013-02-08;20,00;20,00;;Pago de orden numero 147/2013";853
 Valor invalido en campo IMPORTE PAGADO;"G07075;3419;FC;2013-01-27;2013-01-17;2013-02-08;2013-02-07;2013-02-08;1835,00;1835,00;;Pago de orden numero 146/2013";853
 Valor invalido en campo IMPORTE PAGADO;"G07075;3550;FC;2013-02-01;2013-01-17;2013-02-08;2013-02-07;2013-02-08;455,00;455,00;;Pago de orden numero 146/2013";853
 Valor invalido en campo IMPORTE PAGADO;"G07092;3293/3488/3490/3492;FC;2013-01-30;2013-02-01;2013-02-08;2013-02-07;2013-02-08;39309,50;39309,50;;Pago de orden numero 160/2013";853
 Valor invalido en campo IMPORTE PAGADO;"G03579;3537/3538/3539;FC;2013-02-01;2013-02-01;2013-02-08;2013-02-07;2013-02-08;16937,00;16937,00;;Pago de orden numero 163/2013";853
 Valor invalido en campo IMPORTE PAGADO;"G07414;3590;FC;2013-02-06;2013-01-23;2013-02-08;2013-02-04;2013-02-08;415,00;415,00;;Pago de orden numero 142/2013";853
 Valor invalido en campo IMPORTE PAGADO;"G12112;3591;FC;2013-02-06;2013-01-23;2013-02-08;2013-02-04;2013-02-08;570,00;570,00;;Pago de orden numero 142/2013";853
 Valor invalido en campo IMPORTE PAGADO;"G07410;3592;FC;2013-02-06;2013-01-23;2013-02-08;2013-02-04;2013-02-08;745,00;745,00;;Pago de orden numero 142/2013";853
 Valor invalido en campo IMPORTE PAGADO;"G98924;3480/3481;FC;2013-01-30;2013-02-01;2013-02-08;2013-02-07;2013-02-08;2900,00;2900,00;;Pago de orden numero 164/2013";853
 Valor invalido en campo IMPORTE PAGADO;"G09297;3512/3535/3552/3536/3554;FC;2013-01-31;2013-01-16;2013-02-08;2013-02-07;2013-02-08;7265,00;7265,00;;Pago de orden numero 165/2013";853
 Valor invalido en campo IMPORTE PAGADO;"G07116;3568;FC;2013-01-28;2013-01-16;2013-02-08;2013-02-07;2013-02-08;25,00;25,00;;Pago de orden numero 153/2013";853
 Valor invalido en campo IMPORTE PAGADO;"G07094;3487/3544;FC;2013-01-30;2013-02-01;2013-02-08;2013-02-04;2013-02-08;20044,50;20044,50;;Pago de orden numero 135/2013";853
 Valor invalido en campo IMPORTE PAGADO;"G07609;28;FC;2012-12-29;2013-02-06;2013-02-15;2013-02-13;2013-02-15;150,00;150,00;;Pago de orden numero 195/2013";853
 Valor invalido en campo IMPORTE PAGADO;"G07096;418;FC;2013-01-18;2013-02-06;2013-02-15;2013-02-13;2013-02-15;1200,00;1200,00;;Pago de orden numero 189/2013";853
 Valor invalido en campo IMPORTE PAGADO;"G07608;1547;FC;2012-12-29;2013-02-06;2013-02-15;2013-02-13;2013-02-15;60,00;60,00;;Pago de orden numero 185/2013";853
 Valor invalido en campo IMPORTE PAGADO;"G10310;1545;FC;2012-12-29;2013-02-06;2013-02-15;2013-02-13;2013-02-15;150,00;150,00;;Pago de orden numero 185/2013";853
 Valor invalido en campo IMPORTE PAGADO;"G07611;1549;FC;2012-12-29;2013-02-06;2013-02-15;2013-02-13;2013-02-15;60,00;60,00;;Pago de orden numero 185/2013";853
 Valor invalido en campo IMPORTE PAGADO;"G07102;1542;FC;2013-12-29;2013-02-06;2013-02-15;2013-02-13;2013-02-15;630,00;630,00;;Pago de orden numero 185/2013";853
 Valor invalido en campo IMPORTE PAGADO;"G07073;681;FC;2013-02-01;2013-02-06;2013-02-15;2013-02-13;2013-02-15;6480,00;6480,00;;Pago de orden numero 183/2013";853
 Valor invalido en campo IMPORTE PAGADO;"G07073;677;FC;2013-01-04;2013-01-11;2013-02-15;2013-02-13;2013-02-15;1220,00;370,00;;Pago de orden numero 183/2013";853
 Valor invalido en campo IMPORTE PAGADO;"G03571;153;FC;2013-02-08;2013-02-08;2013-02-15;2013-02-13;2013-02-15;960,00;960,00;;Pago de orden numero 179/2013";853
 Valor invalido en campo IMPORTE PAGADO;"G12021;11;FC;2013-01-08;2013-01-30;2013-02-15;2013-02-13;2013-02-15;755,00;520,00;;Pago de orden numero 175/2013";853
 Valor invalido en campo IMPORTE PAGADO;"G12021;10;FC;2013-01-08;2013-01-30;2013-02-15;2013-02-13;2013-02-15;1190,00;790,00;;Pago de orden numero 175/2013";853
 Valor invalido en campo IMPORTE PAGADO;"G98909;89;FC;2013-01-30;2013-02-06;2013-02-15;2013-02-13;2013-02-15;215,00;215,00;;Pago de orden numero 173/2013";853
 Valor invalido en campo IMPORTE PAGADO;"G98909;90;FC;2013-01-30;2013-02-06;2013-02-15;2013-02-13;2013-02-15;1200,00;1200,00;;Pago de orden numero 173/2013";853
 Valor invalido en campo IMPORTE PAGADO;"G07517;934;FC;2013-01-08;2013-01-15;2013-02-15;2013-02-13;2013-02-15;2155,00;1140,00;;Pago de orden numero 170/2013";853
 Valor invalido en campo IMPORTE PAGADO;"G07510;936;FC;2013-01-08;2013-01-15;2013-02-15;2013-02-13;2013-02-15;2730,00;1830,00;;Pago de orden numero 170/2013";853
 Valor invalido en campo IMPORTE PAGADO;"G03599;336;FC;2012-12-15;2013-01-21;2013-02-15;2013-02-13;2013-02-15;2755,00;1665,00;;Pago de orden numero 169/2013";853
 Valor invalido en campo IMPORTE PAGADO;"G07693;54;FC;2012-12-05;2013-01-14;2013-02-15;2013-02-14;2013-02-15;760,00;635,00;;Pago de orden numero 197/2013";853
 Valor invalido en campo IMPORTE PAGADO;"G07114;698;FC;2013-01-09;2013-01-10;2013-02-15;2013-02-14;2013-02-15;2205,00;1835,00;;Pago de orden numero 196/2013";853
 Valor invalido en campo IMPORTE PAGADO;"G07526;3619;FC;2013-02-08;2013-01-25;2013-02-15;2013-02-13;2013-02-15;1260,00;1260,00;;Pago de orden numero 195/2013";853
 Valor invalido en campo IMPORTE PAGADO;"G07109;3415/3416/3420;FC;2013-01-28;2013-01-22;2013-02-15;2013-02-13;2013-02-15;5900,00;5900,00;;Pago de orden numero 194/2013";853
 Valor invalido en campo IMPORTE PAGADO;"G07109;3459;FC;2013-01-28;2013-01-21;2013-02-15;2013-02-13;2013-02-15;560,00;560,00;;Pago de orden numero 194/2013";853
 Valor invalido en campo IMPORTE PAGADO;"G07609;3447;FC;2013-01-31;2013-02-06;2013-02-15;2013-02-13;2013-02-15;1530,00;1530,00;;Pago de orden numero 195/2013";853
 Valor invalido en campo IMPORTE PAGADO;"G07107;3266/3267/3268;FC;2012-12-31;2013-02-08;2013-02-15;2013-02-13;2013-02-15;27876,00;27876,00;;Pago de orden numero 192/2013";853
 Valor invalido en campo IMPORTE PAGADO;"G07107;3482/3483/3484;FC;2013-01-30;2013-02-08;2013-02-15;2013-02-13;2013-02-15;28134,50;28134,50;;Pago de orden numero 192/2013";853
 Valor invalido en campo IMPORTE PAGADO;"G07694;3626;FC;2013-01-30;2013-01-17;2013-02-15;2013-02-13;2013-02-15;35,00;155,00;;Pago de orden numero 191/2013";853
 Valor invalido en campo IMPORTE PAGADO;"G09252;3624;FC;2013-01-30;2013-01-17;2013-02-15;2013-02-13;2013-02-15;115,00;115,00;;Pago de orden numero 191/2013";853
 Valor invalido en campo IMPORTE PAGADO;"G98908;3556;FC;2013-01-31;2013-01-11;2013-02-15;2013-02-13;2013-02-15;2640,00;2670,00;;Pago de orden numero 190/2013";853
 Valor invalido en campo IMPORTE PAGADO;"G07096;3525-3526;FC;2013-01-31;2013-01-23;2013-02-15;2013-02-13;2013-02-15;6700,00;6700,00;;Pago de orden numero 189/2013";853
 Valor invalido en campo IMPORTE PAGADO;"G09999;3437;FC;2013-01-29;2013-01-15;2013-02-15;2013-02-13;2013-02-15;600,00;600,00;;Pago de orden numero 188/2013";853
 Valor invalido en campo IMPORTE PAGADO;"G07110;3409/3414/3410/3411/3412/3413;FC;2013-01-27;2013-01-15;2013-02-15;2013-02-13;2013-02-15;7480,00;7480,00;;Pago de orden numero 188/2013";853
 Valor invalido en campo IMPORTE PAGADO;"G09264;3589;FC;2013-01-31;2013-01-29;2013-02-15;2013-02-13;2013-02-15;1810,00;1810,00;;Pago de orden numero 187/2013";853
 Valor invalido en campo IMPORTE PAGADO;"G07658;3558;FC;2013-01-31;2013-01-29;2013-02-15;2013-02-13;2013-02-15;355,00;355,00;;Pago de orden numero 187/2013";853
 Valor invalido en campo IMPORTE PAGADO;"G07660;3561;FC;2013-01-31;2013-01-29;2013-02-15;2013-02-13;2013-02-15;640,00;640,00;;Pago de orden numero 187/2013";853
 Valor invalido en campo IMPORTE PAGADO;"G07661;3564;FC;2013-01-31;2013-01-29;2013-02-15;2013-02-13;2013-02-15;1380,00;1380,00;;Pago de orden numero 187/2013";853
 Valor invalido en campo IMPORTE PAGADO;"G07083;3398;FC;2013-01-31;2013-01-18;2013-02-15;2013-02-13;2013-02-15;260,00;380,00;;Pago de orden numero 186/2013";853
 Valor invalido en campo IMPORTE PAGADO;"G07481;3429;FC;2013-01-28;2013-01-18;2013-02-15;2013-02-13;2013-02-15;1040,00;1040,00;;Pago de orden numero 186/2013";853
 Valor invalido en campo IMPORTE PAGADO;"G07611;3431;FC;2013-01-29;2013-02-06;2013-02-15;2013-02-13;2013-02-15;850,00;850,00;;Pago de orden numero 185/2013";853
 Valor invalido en campo IMPORTE PAGADO;"G07102;3445;FC;2013-01-31;2013-02-06;2013-02-15;2013-02-13;2013-02-15;7887,50;7887,50;;Pago de orden numero 185/2013";853
 Valor invalido en campo IMPORTE PAGADO;"G10310;3446;FC;2013-01-31;2013-02-06;2013-02-15;2013-02-13;2013-02-15;1395,00;1395,00;;Pago de orden numero 185/2013";853
 Valor invalido en campo IMPORTE PAGADO;"G07608;3448;FC;2013-01-31;2013-02-06;2013-02-15;2013-02-13;2013-02-15;380,00;380,00;;Pago de orden numero 185/2013";853
 Valor invalido en campo IMPORTE PAGADO;"G07390;3647;FC;2013-02-11;2013-01-22;2013-02-15;2013-02-13;2013-02-15;1105,00;1105,00;;Pago de orden numero 184/2013";853
 Valor invalido en campo IMPORTE PAGADO;"G12032;3628;FC;2013-02-09;2013-01-22;2013-02-15;2013-02-13;2013-02-15;180,00;180,00;;Pago de orden numero 184/2013";853
 Valor invalido en campo IMPORTE PAGADO;"G07398;3627;FC;2013-02-09;2013-01-22;2013-02-15;2013-02-13;2013-02-15;105,00;105,00;;Pago de orden numero 184/2013";853
 Valor invalido en campo IMPORTE PAGADO;"G07073;3562;FC;2013-02-03;2013-02-06;2013-02-15;2013-02-13;2013-02-15;26359,50;26269,50;;Pago de orden numero 183/2013";853
 Valor invalido en campo IMPORTE PAGADO;"G98910;3611;FC;2013-02-07;2013-02-08;2013-02-15;2013-02-13;2013-02-15;210,00;210,00;;Pago de orden numero 182/2013";853
 Valor invalido en campo IMPORTE PAGADO;"G12094;3612;FC;2013-02-07;2013-02-08;2013-02-15;2013-02-13;2013-02-15;400,00;400,00;;Pago de orden numero 182/2013";853
 Valor invalido en campo IMPORTE PAGADO;"G07520;3613;FC;2013-02-07;2013-02-08;2013-02-15;2013-02-13;2013-02-15;90,00;90,00;;Pago de orden numero 182/2013";853
 Valor invalido en campo IMPORTE PAGADO;"G07519;3614;FC;2013-02-07;2013-02-08;2013-02-15;2013-02-13;2013-02-15;570,00;570,00;;Pago de orden numero 182/2013";853
 Valor invalido en campo IMPORTE PAGADO;"G07089;3610;FC;2013-02-07;2013-02-08;2013-02-15;2013-02-13;2013-02-15;1865,00;1865,00;;Pago de orden numero 182/2013";853
 Valor invalido en campo IMPORTE PAGADO;"G07118;3432;FC;2013-01-28;2013-01-21;2013-02-15;2013-02-13;2013-02-15;3500,00;3500,00;;Pago de orden numero 181/2013";853
 Valor invalido en campo IMPORTE PAGADO;"G07106;3385;FC;2013-01-28;2013-01-16;2013-02-15;2013-02-13;2013-02-15;1855,00;1855,00;;Pago de orden numero 180/2013";853
 Valor invalido en campo IMPORTE PAGADO;"G07645;3438;FC;2013-01-28;2013-01-16;2013-02-15;2013-02-13;2013-02-15;220,00;220,00;;Pago de orden numero 180/2013";853
 Valor invalido en campo IMPORTE PAGADO;"G03571;3534;FC;2013-01-31;2013-02-08;2013-02-15;2013-02-13;2013-02-15;2455,00;2455,00;;Pago de orden numero 179/2013";853
 Valor invalido en campo IMPORTE PAGADO;"G03575;3468;FC;2013-01-30;2013-02-08;2013-02-15;2013-02-13;2013-02-15;4375,00;4375,00;;Pago de orden numero 178/2013";853
 Valor invalido en campo IMPORTE PAGADO;"G98901;3571;FC;2013-02-04;2013-02-08;2013-02-15;2013-02-13;2013-02-15;4910,00;4910,00;;Pago de orden numero 178/2013";853
 Valor invalido en campo IMPORTE PAGADO;"G12147;3570/3582/3583;FC;2013-02-04;2013-02-06;2013-02-15;2013-02-13;2013-02-15;3850,00;3850,00;;Pago de orden numero 177/2013";853
 Valor invalido en campo IMPORTE PAGADO;"G03577;3473/3474;FC;2013-01-30;2013-02-06;2013-02-15;2013-02-13;2013-02-15;3852,00;3852,00;;Pago de orden numero 176/2013";853
 Valor invalido en campo IMPORTE PAGADO;"G03569;3524;FC;2013-01-31;2013-02-08;2013-02-15;2013-02-13;2013-02-15;4470,00;4470,00;;Pago de orden numero 175/2013";853
 Valor invalido en campo IMPORTE PAGADO;"G12021;3292;FC;2013-01-07;2013-01-30;2013-02-15;2013-02-13;2013-02-15;920,00;920,00;;Pago de orden numero 175/2013";853
 Valor invalido en campo IMPORTE PAGADO;"G07108;3540;FC;310/01/2013;2013-02-06;2013-02-15;2013-02-13;2013-02-15;13737,00;13737,00;;Pago de orden numero 174/2013";853
 Valor invalido en campo IMPORTE PAGADO;"G98909;3513/3514/3515;FC;2013-01-30;2013-02-06;2013-02-15;2013-02-13;2013-02-15;5793,00;5793,00;;Pago de orden numero 173/2013";853
 Valor invalido en campo IMPORTE PAGADO;"G09274;3397;FC;2013-01-25;2013-01-14;2013-02-15;2013-02-13;2013-02-15;2755,00;2755,00;;Pago de orden numero 172/2013";853
 Valor invalido en campo IMPORTE PAGADO;"G07091;3427;FC;2013-01-28;2013-01-21;2013-02-15;2013-02-13;2013-02-15;1355,00;1355,00;;Pago de orden numero 171/2013";853
 Valor invalido en campo IMPORTE PAGADO;"G07104;3467/3381;FC;2013-01-24;2013-02-08;2013-02-15;2013-02-13;2013-02-15;4565,50;4565,50;;Pago de orden numero 169/2013";853
 Valor invalido en campo IMPORTE PAGADO;"G03580;3516/3517/3519;FC;2013-01-31;2013-02-08;2013-02-15;2013-02-13;2013-02-15;3120,00;3120,00;;Pago de orden numero 168/2013";853
 Valor invalido en campo IMPORTE PAGADO;"G12163;3636;FC;2013-01-31;2013-02-05;2013-02-15;2013-02-14;2013-02-15;220,00;220,00;;Pago de orden numero 198/2013";853
 Valor invalido en campo IMPORTE PAGADO;"G07697;3479;FC;2013-01-30;2013-02-01;2013-02-15;2013-02-14;2013-02-15;1610,00;1610,00;;Pago de orden numero 197/2013";853
 Valor invalido en campo IMPORTE PAGADO;"G03609;501;FC;2013-02-04;2013-02-05;2013-02-22;2013-02-19;2013-02-22;90,00;90,00;;Pago de orden numero 209/2013";853
 Valor invalido en campo IMPORTE PAGADO;"G07388;503;FC;2013-02-04;2013-02-05;2013-02-22;2013-02-19;2013-02-22;120,00;120,00;;Pago de orden numero 209/2013";853
 Valor invalido en campo IMPORTE PAGADO;"G07387;502;FC;2013-02-04;2013-02-05;2013-02-22;2013-02-19;2013-02-22;120,00;120,00;;Pago de orden numero 209/2013";853
 Valor invalido en campo IMPORTE PAGADO;"G07396;504;FC;2013-02-04;2013-02-05;2013-02-22;2013-02-19;2013-02-22;120,00;120,00;;Pago de orden numero 209/2013";853
 Valor invalido en campo IMPORTE PAGADO;"G07397;505;FC;2013-02-04;2013-02-05;2013-02-22;2013-02-19;2013-02-22;120,00;120,00;;Pago de orden numero 209/2013";853
 Valor invalido en campo IMPORTE PAGADO;"G03569;2594;FC;2013-01-10;2013-01-16;2013-02-22;2013-02-19;2013-02-22;1800,00;1800,00;;Pago de orden numero 208/2013";853
 Valor invalido en campo IMPORTE PAGADO;"G12090;931;FC;2013-01-08;2013-01-15;2013-02-22;2013-02-19;2013-02-22;3480,00;2350,00;;Pago de orden numero 206/2013";853
 Valor invalido en campo IMPORTE PAGADO;"G7099;151;FC;2013-01-03;2013-02-06;2013-02-22;2013-02-19;2013-02-22;80,00;80,00;;Pago de orden numero 205/2013";853
 Valor invalido en campo IMPORTE PAGADO;"G98906;198;FC;2013-02-04;2013-02-05;2013-02-22;2013-02-19;2013-02-22;480,00;480,00;;Pago de orden numero 204/2013";853
 Valor invalido en campo IMPORTE PAGADO;"G03592;70;FC;2013-01-11;2013-01-14;2013-02-22;2013-02-21;2013-02-22;1200,00;1200,00;;Pago de orden numero 214/2013";853
 Valor invalido en campo IMPORTE PAGADO;"G03575;300;FC;2013-01-10;2013-01-21;2013-02-22;2013-02-21;2013-02-22;720,00;720,00;;Pago de orden numero 213/2013";853
 Valor invalido en campo IMPORTE PAGADO;"G07090;322/323;FC;2012-12-17;2012-12-27;2013-02-22;2013-02-21;2013-02-22;9978,50;7129,50;;Pago de orden numero 212/2013";853
 Valor invalido en campo IMPORTE PAGADO;"G03609;3422/3423;FC;2013-01-28;2013-02-05;2013-02-22;2013-02-19;2013-02-22;2700,00;2700,00;;Pago de orden numero 209/2013";853
 Valor invalido en campo IMPORTE PAGADO;"G07396;3424;FC;2013-01-28;2013-02-05;2013-02-22;2013-02-19;2013-02-22;60,00;60,00;;Pago de orden numero 209/2013";853
 Valor invalido en campo IMPORTE PAGADO;"G07405;3425;FC;2013-01-28;2013-02-05;2013-02-22;2013-02-19;2013-02-22;120,00;120,00;;Pago de orden numero 209/2013";853
 Valor invalido en campo IMPORTE PAGADO;"G12163;3338/3339;FC;2013-01-22;2013-02-05;2013-02-22;2013-02-19;2013-02-22;920,00;920,00;;Pago de orden numero 207/2013";853
 Valor invalido en campo IMPORTE PAGADO;"G12165;3344/3346;FC;2013-01-22;2013-02-05;2013-02-22;2013-02-19;2013-02-22;1295,00;1295,00;;Pago de orden numero 207/2013";853
 Valor invalido en campo IMPORTE PAGADO;"G12164;3343/3475;FC;2013-01-30;2013-02-05;2013-02-22;2013-02-19;2013-02-22;1550,00;1550,00;;Pago de orden numero 207/2013";853
 Valor invalido en campo IMPORTE PAGADO;"G12166;3356/3358;FC;2013-01-22;2013-02-05;2013-02-22;2013-02-19;2013-02-22;3070,00;3070,00;;Pago de orden numero 207/2013";853
 Valor invalido en campo IMPORTE PAGADO;"G12168;3362/3364;FC;2013-01-22;2013-02-05;2013-02-22;2013-02-19;2013-02-22;2785,00;2785,00;;Pago de orden numero 207/2013";853
 Valor invalido en campo IMPORTE PAGADO;"G98930;3335;FC;2013-01-22;2013-02-05;2013-02-22;2013-02-19;2013-02-22;1910,00;1910,00;;Pago de orden numero 207/2013";853
 Valor invalido en campo IMPORTE PAGADO;"G12167;3361;FC;2013-01-22;2013-02-05;2013-02-22;2013-02-19;2013-02-22;4710,00;4710,00;;Pago de orden numero 207/2013";853
 Valor invalido en campo IMPORTE PAGADO;"G12171;3365/3367;FC;2013-01-22;2013-02-05;2013-02-22;2013-02-19;2013-02-22;1125,00;1125,00;;Pago de orden numero 207/2013";853
 Valor invalido en campo IMPORTE PAGADO;"G98926;3375/3401/3433/3434/3435/3497/3499/3523;FC;2013-01-04;2013-02-05;2013-02-22;2013-02-19;2013-02-22;25319,00;25319,00;;Pago de orden numero 203/2013";853
 Valor invalido en campo IMPORTE PAGADO;"G12159;3478;FC;2013-02-01;2013-02-18;2013-02-22;2013-02-19;2013-02-22;2222,00;2222,00;;Pago de orden numero 202/2013";853
 Valor invalido en campo IMPORTE PAGADO;"G03576;3383;FC;2013-01-10;2013-01-14;2013-02-22;2013-02-19;2013-02-22;4575,00;3600,00;;Pago de orden numero 201/2013";853
 Valor invalido en campo IMPORTE PAGADO;"G12130;3654;FC;2013-02-11;2013-01-15;2013-02-22;2013-02-21;2013-02-22;130,00;130,00;;Pago de orden numero 224/2013";853
 Valor invalido en campo IMPORTE PAGADO;"G09258;3630;FC;2013-02-10;2013-01-17;2013-02-22;2013-02-21;2013-02-22;380,00;2705,00;;Pago de orden numero 223/2013";853
 Valor invalido en campo IMPORTE PAGADO;"G07077;3557;FC;2013-01-31;2013-01-28;2013-02-22;2013-02-21;2013-02-22;3450,00;3450,00;;Pago de orden numero 222/2013";853
 Valor invalido en campo IMPORTE PAGADO;"G07115;3509/3510;FC;2013-01-30;2013-01-22;2013-02-22;2013-02-21;2013-02-22;4417,50;4417,50;;Pago de orden numero 221/2013";853
 Valor invalido en campo IMPORTE PAGADO;"G07072;3586/3587/3563;FC;2013-01-31;2013-01-24;2013-02-22;2013-02-21;2013-02-22;1955,00;1955,00;;Pago de orden numero 220/2013";853
 Valor invalido en campo IMPORTE PAGADO;"G07412;3503;FC;2013-01-30;2013-01-23;2013-02-22;2013-02-21;2013-02-22;360,00;360,00;;Pago de orden numero 220/2013";853
 Valor invalido en campo IMPORTE PAGADO;"G07408;3430;FC;2013-01-28;2013-01-23;2013-02-22;2013-02-21;2013-02-22;635,00;635,00;;Pago de orden numero 220/2013";853
 Valor invalido en campo IMPORTE PAGADO;"G07501;3541;FC;2013-01-31;2013-01-24;2013-02-22;2013-02-21;2013-02-22;3295,00;3295,00;;Pago de orden numero 219/2013";853
 Valor invalido en campo IMPORTE PAGADO;"G07493;3449/3711;FC;2013-01-29;2013-01-22;2013-02-22;2013-02-21;2013-02-22;1245,00;1245,00;;Pago de orden numero 218/2013";853
 Valor invalido en campo IMPORTE PAGADO;"G03610;3520;FC;2013-01-31;2013-01-22;2013-02-22;2013-02-21;2013-02-22;895,00;895,00;;Pago de orden numero 218/2013";853
 Valor invalido en campo IMPORTE PAGADO;"G07081;3715;FC;2013-01-31;2013-01-23;2013-02-22;2013-02-21;2013-02-22;4200,00;4580,00;;Pago de orden numero 217/2013";853
 Valor invalido en campo IMPORTE PAGADO;"G07508;3462/3463/3464/3465;FC;2013-02-01;2013-01-21;2013-02-22;2013-02-21;2013-02-22;14390,00;15814,60;;Pago de orden numero 216/2013";853
 Valor invalido en campo IMPORTE PAGADO;"G07111;3298/3299;FC;2013-01-10;2013-01-11;2013-02-22;2013-02-21;2013-02-22;69266,00;64131,00;;Pago de orden numero 215/2013";853
 Valor invalido en campo IMPORTE PAGADO;"G03592;3658/3659/3662/3663/3664;FC;2013-01-31;2013-01-14;2013-02-22;2013-02-21;2013-02-22;2550,00;2550,00;;Pago de orden numero 214/2013";853
 Valor invalido en campo IMPORTE PAGADO;"G07112;3227/3228/3230/3231/3256;FC;2012-12-31;2013-01-15;2013-02-22;2013-02-21;2013-02-22;39113,00;37965,00;;Pago de orden numero 227/2013";853
 Valor invalido en campo IMPORTE PAGADO;"G03583;3461/3486/3493;FC;2013-01-30;2013-01-14;2013-02-22;2013-02-21;2013-02-22;9665,00;13435,00;;Pago de orden numero 226/2013";853
 Valor invalido en campo IMPORTE PAGADO;"G03615;3631/3633/3581;FC;2012-02-07;2013-01-14;2013-02-22;2013-02-21;2013-02-22;7580,00;7670,00;;Pago de orden numero 225/2013";853
 Valor invalido en campo IMPORTE PAGADO;"G07525;3712;FC;2013-02-15;2013-01-25;2013-02-22;2013-02-21;2013-02-22;420,00;380,00;;Pago de orden numero 212/2013";853
 Valor invalido en campo IMPORTE PAGADO;"G07080;3650/3651/3652;FC;2013-02-11;2013-01-21;2013-02-22;2013-02-21;2013-02-22;12745,00;12767,50;;Pago de orden numero 211/2013";853
 Valor invalido en campo IMPORTE PAGADO;"G98911;239;FC;2013-02-01;2013-02-06;2013-02-14;2013-02-14;2013-02-25;90,00;90,00;;Pago de orden numero 199/2013";853
 Valor invalido en campo IMPORTE PAGADO;"G12151;192;FC;2013-02-08;2013-02-08;2013-02-14;2013-02-14;2013-02-25;170,00;170,00;;Pago de orden numero 199/2013";853
 Valor invalido en campo IMPORTE PAGADO;"G10309;3376;FC;2013-01-23;2013-01-24;2013-02-14;2013-02-14;2013-02-25;1035,00;1035,00;;Pago de orden numero 199/2013";853
 Valor invalido en campo IMPORTE PAGADO;"G09995;3290/3384;FC;2013-01-31;2013-01-28;2013-02-14;2013-02-14;2013-02-25;885,00;820,00;;Pago de orden numero 199/2013";853
 Valor invalido en campo IMPORTE PAGADO;"G98911;3547/3546;FC;2013-02-01;2013-02-06;2013-02-14;2013-02-14;2013-02-25;8488,00;8488,00;;Pago de orden numero 199/2013";853
 Valor invalido en campo IMPORTE PAGADO;"G12146;3382;FC;2013-01-10;2013-01-11;2013-02-14;2013-02-14;2013-02-25;1995,00;1995,00;;Pago de orden numero 199/2013";853
 Valor invalido en campo IMPORTE PAGADO;"G09967;416;FC;2012-12-14;2012-12-18;2013-01-30;2013-01-22;2013-02-27;1305,00;420,00;;Pago de orden numero 098/2013";853
 Valor invalido en campo IMPORTE PAGADO;"G09982;3616;FC;2013-02-08;2013-01-21;2013-02-14;2013-02-14;2013-02-27;2720,00;2720,00;;Pago de orden numero 200/2013";853
